_id,area,clientName,clientRut,description,netoUF,netoCLP,fechaEnvio,projectCode,status,createdAt,__v,payments[0].percentage,payments[0].amount,payments[0].invoiceNumber,payments[0].date,payments[0].status,payments[0]._id
692729c85d3255967c0cb0c3,Servicios,Andinor,79638430,Power Pack,0,0,2020-07-18T00:00:00.000Z,2020_01,3-PERDIDO,2020-07-17T00:00:00.000Z,0,,,,,,
692729c85d3255967c0cb0c4,Servicios,Talleres Lucas S.A.,83156400,Banco MLP,0,3998176,2020-07-18T00:00:00.000Z,2020_02,3-PERDIDO,2020-07-18T00:00:00.000Z,0,,,,,,
692729c85d3255967c0cb0c5,Servicios,Talleres Lucas S.A.,83156400,Tensor Correa,0,1438368,2020-07-18T00:00:00.000Z,2020_03,3-PERDIDO,2020-07-18T00:00:00.000Z,0,,,,,,
692729c85d3255967c0cb0c6,Servicios,Talleres Lucas S.A.,83156400,Pupitre Komatsu,0,778984,2020-07-18T00:00:00.000Z,2020_04,3-PERDIDO,2020-07-18T00:00:00.000Z,0,,,,,,
692729c85d3255967c0cb0c7,Servicios,Talleres Lucas S.A.,83156400,REGULARIZACION PLANO HIDRAULICO KOMATSU ANTOFAGASTA,0,243791,2020-07-18T00:00:00.000Z,2020_05,2-ADJUDICADO,2020-07-18T00:00:00.000Z,0,,,,,,
692729c85d3255967c0cb0c8,Servicios,Talleres Lucas S.A.,83156400,REGULARIZACION CASETA KOMATSU SANTIAGO,0,357082,2020-07-18T00:00:00.000Z,2020_06,2-ADJUDICADO,2020-07-18T00:00:00.000Z,0,,,,,,
692729c85d3255967c0cb0c9,Servicios,Talleres Lucas S.A.,83156400,ESTUDIO ATRIL DE CABEZAL,0,248380,2020-07-18T00:00:00.000Z,2020_07,2-ADJUDICADO,2020-07-18T00:00:00.000Z,0,,,,,,
692729c85d3255967c0cb0ca,Servicios,Talleres Lucas S.A.,83156400,REGULARIZACION PLANO ELECTRICO KOMATSU SANTIAGO,0,0,2020-07-18T00:00:00.000Z,2020_08,3-PERDIDO,2020-07-18T00:00:00.000Z,0,,,,,,
692729c85d3255967c0cb0cb,Servicios,Tecrapol,76068105,DISEÑO UNIDAD CALIBRACION Y ANALISIS DE POLINES,0,0,2020-07-18T00:00:00.000Z,2020_09,3-PERDIDO,2020-07-18T00:00:00.000Z,0,,,,,,
692729c85d3255967c0cb0cc,Servicios,Talleres Lucas S.A.,83156400,REGULARIZACION PLANO HIDRAULICO KOMATSU SANTIAGO,0,243791,2020-08-14T00:00:00.000Z,2020_10,2-ADJUDICADO,2020-07-18T00:00:00.000Z,0,,,,,,
692729c85d3255967c0cb0cd,Servicios,Talleres Lucas S.A.,83156400,REGULARIZACION PLANO ELECTRICO KOMATSU ANTOFAGASTA,0,243791,2020-07-18T00:00:00.000Z,2020_11,2-ADJUDICADO,2020-07-18T00:00:00.000Z,0,,,,,,
692729c85d3255967c0cb0ce,Ventas,Chamonate SPA,96939290,PROYEC_CASETA_GUARDIA,0,539720,2020-07-27T00:00:00.000Z,2020_12,2-ADJUDICADO,2020-07-18T00:00:00.000Z,0,,,,,,
692729c85d3255967c0cb0cf,Ventas,Chamonate SPA,96939290,PROYEC_CAMARAS_RIEGO,0,3381603,2020-07-18T00:00:00.000Z,2020_13,2-ADJUDICADO,2020-07-18T00:00:00.000Z,0,,,,,,
692729c85d3255967c0cb0d0,Ventas,Chamonate SPA,96939290,AUMENTO DE CAMARAS PARA CONTROL DE PERIFERIA,0,1998720,2020-07-18T00:00:00.000Z,2020_14,2-ADJUDICADO,2020-07-18T00:00:00.000Z,0,,,,,,
692729c85d3255967c0cb0d1,Ingeniería,Chamonate SPA,96939290,I RIEGO (RIEGO INTELIGENTE),0,47756899,2020-07-18T00:00:00.000Z,2020_15,3-PERDIDO,2020-07-18T00:00:00.000Z,0,,,,,,
692729c85d3255967c0cb0d2,Ingeniería,Chamonate SPA,96939290,CAMARAS  EN POSTES CON PANEL SOLAR,0,0,2020-07-18T00:00:00.000Z,2020_16,3-PERDIDO,2020-07-18T00:00:00.000Z,0,,,,,,
692729c85d3255967c0cb0d3,Ventas,Chamonate SPA,96939290,CANALIZACION ELECTRICA PARA SW (REF 2020 0014),0,340900,2020-07-18T00:00:00.000Z,2020_17,2-ADJUDICADO,2020-07-18T00:00:00.000Z,0,,,,,,
692729c85d3255967c0cb0d4,Ingeniería,Chamonate SPA,96939290,GESTION DE  COSTOS,0,3000000,2020-07-18T00:00:00.000Z,2020_18,2-ADJUDICADO,2020-07-18T00:00:00.000Z,0,,,,,,
692729c85d3255967c0cb0d5,Ingeniería,Chamonate SPA,96939290,PROYEC_TARJA,0,17000000,2020-08-30T00:00:00.000Z,2020_19,3-PERDIDO,2020-07-18T00:00:00.000Z,0,,,,,,
692729c85d3255967c0cb0d6,Ventas,Maf Chile SPA,82415700,Sistemas de Camaras de Seguridad,0,7577677,2020-07-18T00:00:00.000Z,2020_20,3-PERDIDO,2020-07-18T00:00:00.000Z,0,,,,,,
692729c85d3255967c0cb0d7,Ingeniería,Rucaray Los Lirios,99539360,Plataforma Revisión remota de Indicadores en Linea de Procesos,0,0,2020-07-18T00:00:00.000Z,2020_21,3-PERDIDO,2020-07-18T00:00:00.000Z,0,,,,,,
692729c85d3255967c0cb0d8,Ingeniería,Agrofruta,76351381,Sistema Trazabilidad de cajas llenas,0,0,2020-07-18T00:00:00.000Z,2020_22,3-PERDIDO,2020-07-18T00:00:00.000Z,0,,,,,,
692729c85d3255967c0cb0d9,Ventas,Los Retamos,78577740,Camaras de Seguridad,0,1761700,2020-07-18T00:00:00.000Z,2020_23,3-PERDIDO,2020-07-18T00:00:00.000Z,0,,,,,,
692729c85d3255967c0cb0da,Ingeniería,Maf Chile SPA,82415700,Sistema UPS para planta,0,9068729,2020-07-19T00:00:00.000Z,2020_24,3-PERDIDO,2020-07-19T00:00:00.000Z,0,,,,,,
692729c85d3255967c0cb0db,Ingeniería,Chamonate SPA,96939290,AUMENTO CAPACIDAD DISCOS DUROS,0,535402,2020-07-19T00:00:00.000Z,2020_25,2-ADJUDICADO,2020-07-19T00:00:00.000Z,0,,,,,,
692729c85d3255967c0cb0dc,Ventas,Chamonate SPA,96939290,CAMARAS CASA PATRONAL,0,0,2020-07-19T00:00:00.000Z,2020_26,3-PERDIDO,2020-07-19T00:00:00.000Z,0,,,,,,
692729c85d3255967c0cb0dd,Ventas,Chamonate SPA,96939290,Proyecto Camaras PAcking,0,5971258,2020-07-19T00:00:00.000Z,2020_27,2-ADJUDICADO,2020-07-19T00:00:00.000Z,0,,,,,,
692729c85d3255967c0cb0de,Ventas,FUNDO SAN ALBERTO,78972100,Sistema Monitoreo Packing,0,2119671,2020-07-19T00:00:00.000Z,2020_28,2-ADJUDICADO,2020-07-19T00:00:00.000Z,0,,,,,,
692729c85d3255967c0cb0df,Ventas,FUNDO SAN ALBERTO,78972100,sistema seguridad packing,0,7189089,2020-07-19T00:00:00.000Z,2020_29,3-PERDIDO,2020-07-19T00:00:00.000Z,0,,,,,,
692729c85d3255967c0cb0e0,Ingeniería,Propal,89530600,"Plano Topologia Red, Linea MAF",0,440000,2020-07-19T00:00:00.000Z,2020_30,2-ADJUDICADO,2020-07-19T00:00:00.000Z,0,,,,,,
692729c85d3255967c0cb0e1,Servicios,Talleres Lucas S.A.,83156400,Maquina Ballerina,0,401963,2020-11-04T00:00:00.000Z,2020_31,2-ADJUDICADO,2020-07-24T00:00:00.000Z,0,,,,,,
692729c85d3255967c0cb0e2,Ingeniería,Maf Chile SPA,82415700,Software control HH - RFID,0,0,2020-07-24T00:00:00.000Z,2020_32,3-PERDIDO,2020-07-24T00:00:00.000Z,0,,,,,,
692729c85d3255967c0cb0e3,Servicios,Talleres Lucas S.A.,83156400,Regularizacion Plano Hidraulico METSO,0,0,2020-07-28T00:00:00.000Z,2020_33,3-PERDIDO,2020-07-28T00:00:00.000Z,0,,,,,,
692729c85d3255967c0cb0e4,Servicios,Talleres Lucas S.A.,83156400,Regularización Plano Hidraulico MLP,0,0,2020-08-06T00:00:00.000Z,2020_34,3-PERDIDO,2020-07-28T00:00:00.000Z,0,,,,,,
692729c85d3255967c0cb0e5,Servicios,Vignola Ltda,76263782,Fabricación Tablero Plataforma Levante,0,718938,2020-08-06T00:00:00.000Z,2020_35,3-PERDIDO,2020-08-05T00:00:00.000Z,0,,,,,,
692729c85d3255967c0cb0e6,Servicios,OilServices,76649859,Equipo Lubricacion Molino,0,24777294,2020-08-27T00:00:00.000Z,2020_36,3-PERDIDO,2020-08-11T00:00:00.000Z,0,,,,,,
692729c85d3255967c0cb0e7,Servicios,OilServices,76649859,HPU para Chute,0,8933314,2020-08-27T00:00:00.000Z,2020_37,3-PERDIDO,2020-08-11T00:00:00.000Z,0,,,,,,
692729c85d3255967c0cb0e8,Servicios,Vignola Ltda,76263782,Tablero Electrico 5.5kW,0,1080931,2020-08-25T00:00:00.000Z,2020_38,3-PERDIDO,2020-08-11T00:00:00.000Z,0,,,,,,
692729c85d3255967c0cb0e9,Ingeniería,Punto Integra SPA,76764668,Sistema control acceso condominios,0,0,2020-08-20T00:00:00.000Z,2020_39,3-PERDIDO,2020-08-20T00:00:00.000Z,0,,,,,,
692729c85d3255967c0cb0ea,Ingeniería,Agrofruta,76351381,Desarrollo visualización estadísticas vaciado,0,2959200,2020-09-16T00:00:00.000Z,2020_40,3-PERDIDO,2020-08-22T00:00:00.000Z,0,,,,,,
692729c85d3255967c0cb0eb,Servicios,Talleres Lucas S.A.,83156400,Estudio de Ingenieria para Banco Komatsu Santiago Limpieza Estanques,0,2697236,2020-09-16T00:00:00.000Z,2020_41,3-PERDIDO,2020-08-28T00:00:00.000Z,0,,,,,,
692729c85d3255967c0cb0ec,Servicios,Talleres Lucas S.A.,83156400,Bosquejo Modificación Planos Hidraulicos Banco Komatsu Antogastas / Santiago,0,143458,2020-08-31T00:00:00.000Z,2020_42,2-ADJUDICADO,2020-08-31T00:00:00.000Z,0,,,,,,
692729c85d3255967c0cb0ed,Servicios,Talleres Lucas S.A.,83156400,Modificacion Bosquejo RP 2020_0042,0,14344,2020-09-14T00:00:00.000Z,2020_43,2-ADJUDICADO,2020-09-08T00:00:00.000Z,0,,,,,,
692729c85d3255967c0cb0ee,Ingeniería,El Sauce,79775100,Equipo Sistema Anticolisión Bulldozer,0,3093980,2020-09-28T00:00:00.000Z,2020_44,2-ADJUDICADO,2020-09-15T00:00:00.000Z,0,,,,,,
692729c85d3255967c0cb0ef,Gerencia,Montaje electrico Industrial,76406396,Asesoria Prevencionista,0,401776,2020-09-21T00:00:00.000Z,2020_45,2-ADJUDICADO,2020-09-15T00:00:00.000Z,0,,,,,,
692729c85d3255967c0cb0f0,Servicios,Talleres Lucas S.A.,83156400,Visita Tecnica Estructural Komatsu,0,182552,2020-11-06T00:00:00.000Z,2020_46,2-ADJUDICADO,2020-09-16T00:00:00.000Z,0,,,,,,
692729c85d3255967c0cb0f1,Ingeniería,Punto Integra SPA,76764668,Desarrollo Estación Meteorológica,0,0,2020-09-24T00:00:00.000Z,2020_47,3-PERDIDO,2020-09-24T00:00:00.000Z,0,,,,,,
692729c85d3255967c0cb0f2,Servicios,FLUMEC ltda,76286468,HPU 7.5 kW,0,4809951,2020-09-30T00:00:00.000Z,2020_48,2-ADJUDICADO,2020-09-30T00:00:00.000Z,0,,,,,,
692729c85d3255967c0cb0f3,Servicios,Talleres Lucas S.A.,83156400,Banco de Pruebas Auxiliar,0,2734987,2020-09-30T00:00:00.000Z,2020_49,3-PERDIDO,2020-09-30T00:00:00.000Z,0,,,,,,
692729c85d3255967c0cb0f4,Ingeniería,El Sauce,79775100,Suministro Materiales Camara Proy Sagrada Familia,0,0,2020-10-02T00:00:00.000Z,2020_50,3-PERDIDO,2020-10-02T00:00:00.000Z,0,,,,,,
692729c85d3255967c0cb0f5,Servicios,Talleres Lucas S.A.,83156400,Modificacion HPU Diesel A Electrica,0,1587375,2020-11-04T00:00:00.000Z,2020_51,3-PERDIDO,2020-11-04T00:00:00.000Z,0,,,,,,
692729c85d3255967c0cb0f6,Servicios,Talleres Lucas S.A.,83156400,Estudio Mecanico Prensa,0,299979,2020-12-29T00:00:00.000Z,2020_52,2-ADJUDICADO,2020-11-06T00:00:00.000Z,0,,,,,,
692729c85d3255967c0cb0f7,Servicios,Talleres Lucas S.A.,83156400,Bosquejo RP 51,0,320000,2020-11-09T00:00:00.000Z,2020_53,3-PERDIDO,2020-11-09T00:00:00.000Z,0,,,,,,
692729c85d3255967c0cb0f8,Servicios,Talleres Lucas S.A.,83156400,PLANIMETRÍA PARA LA MODIFICACIÓN DEL BANCO DE PRUEBAS KOMATSU – SANTIAGO,0,2610270,2020-11-26T00:00:00.000Z,2020_54,2-ADJUDICADO,2020-11-24T00:00:00.000Z,0,,,,,,
692729c85d3255967c0cb0f9,Ingeniería,Cherry Traders S.A.,76073293,Sistema Etiquetado Y Control Produccion Embaladoras,0,45580000,2020-11-30T00:00:00.000Z,2020_55,3-PERDIDO,2020-11-26T00:00:00.000Z,0,,,,,,
692729c85d3255967c0cb0fa,Servicios,Talleres Lucas S.A.,83156400,APU: Planimetria Hidraulico / Electrico,0,393321.99,2021-01-05T00:00:00.000Z,2020_56,2-ADJUDICADO,2020-12-29T00:00:00.000Z,0,,,,,,
692729c85d3255967c0cb0fb,Servicios,Talleres Lucas S.A.,83156400,APU: Regularizacion Estructural,0,571389,2021-01-05T00:00:00.000Z,2021_01,2-ADJUDICADO,2021-01-04T00:00:00.000Z,0,,,,,,
692729c85d3255967c0cb0fc,Servicios,test,11111111,"Central Hidraulica 5,5kW",0,9961369,2021-01-22T00:00:00.000Z,2021_02,3-PERDIDO,2021-01-22T00:00:00.000Z,0,,,,,,
692729c85d3255967c0cb0fd,Ingeniería,Mecanical Center,76881519,Desarrollo Camion PreSplit ORICA,0,4015194,2021-01-22T00:00:00.000Z,2021_03,3-PERDIDO,2021-01-22T00:00:00.000Z,0,,,,,,
692729c85d3255967c0cb0fe,Servicios,Talleres Lucas S.A.,83156400,APU,0,1208868,2021-02-03T00:00:00.000Z,2021_04,3-PERDIDO,2021-01-29T00:00:00.000Z,0,,,,,,
692729c85d3255967c0cb0ff,Gerencia,Montaje electrico Industrial,76406396,Asesoria ODI,0,58270,2021-02-04T00:00:00.000Z,2021_05,2-ADJUDICADO,2021-02-04T00:00:00.000Z,0,,,,,,
692729c85d3255967c0cb100,Gerencia,Montaje electrico Industrial,76406396,Asesoria Prevencion,0,58516,2021-03-15T00:00:00.000Z,2021_06,2-ADJUDICADO,2021-03-15T00:00:00.000Z,0,,,,,,
692729c85d3255967c0cb101,Ingeniería,Talleres Lucas S.A.,83156400,SUMINISTRO DE APU (UNIDAD DE POTENCIA AUXILIAR) PARA INTEGRACIÓN HIDRÁULICA-KOMATSU CUMMINS– SANTIAGO,0,1237,2022-03-30T00:00:00.000Z,2021_07,3-PERDIDO,2021-03-15T00:00:00.000Z,0,,,,,,
692729c85d3255967c0cb102,Servicios,Talleres Lucas S.A.,83156400,Planimetria Banco de Pruebas Komatsu Antofagasta,0,2533459,2021-03-15T00:00:00.000Z,2021_08,2-ADJUDICADO,2021-03-15T00:00:00.000Z,0,,,,,,
692729c85d3255967c0cb103,Ventas,El Sauce,79775100,Monitoreo por Camara sobre Bulldozer,0,0,2021-03-19T00:00:00.000Z,2021_09,3-PERDIDO,2021-03-19T00:00:00.000Z,0,,,,,,
692729c85d3255967c0cb104,Ingeniería,El Sauce,79775100,Suministro Equipos Anticolision,0,0,2021-03-25T00:00:00.000Z,2021_10,3-PERDIDO,2021-03-25T00:00:00.000Z,0,,,,,,
692729c85d3255967c0cb105,Servicios,Talleres Lucas S.A.,83156400,Asesoria Estudio de Vibraciones Banco Komatsu,0,0,2021-03-26T00:00:00.000Z,2021_11,3-PERDIDO,2021-03-26T00:00:00.000Z,0,,,,,,
692729c85d3255967c0cb106,Ingeniería,Chamonate SPA,96939290,Actualizacion Hardware Servidor Sistema Gestion,0,2300000,2021-04-28T00:00:00.000Z,2021_12,3-PERDIDO,2021-04-08T00:00:00.000Z,0,,,,,,
692729c85d3255967c0cb107,Ingeniería,Chamonate SPA,96939290,Mejoras Sistema de Gestion de Costos,0,0,2021-04-08T00:00:00.000Z,2021_13,3-PERDIDO,2021-04-08T00:00:00.000Z,0,,,,,,
692729c85d3255967c0cb108,Servicios,Talleres Lucas S.A.,83156400,Asesoria Estructural Banco Komatsu Santiago,0,820000,2021-04-28T00:00:00.000Z,2021_14,2-ADJUDICADO,2021-04-25T00:00:00.000Z,0,,,,,,
692729c85d3255967c0cb109,Ingeniería,Chamonate SPA,96939290,Mejora de Performance Plataforma de Gestion,0,795000,2021-04-28T00:00:00.000Z,2021_15,2-ADJUDICADO,2021-04-27T00:00:00.000Z,0,,,,,,
692729c85d3255967c0cb10a,Ingeniería,Chamonate SPA,96939290,Traslado Caseta Guardia,0,2989200,2021-04-27T00:00:00.000Z,2021_16,2-ADJUDICADO,2021-04-27T00:00:00.000Z,0,,,,,,
692729c85d3255967c0cb10b,Ingeniería,Punto Integra SPA,76764668,Demo Plataforma Logo y Scada,0,0,,2021_17,0-PENDIENTE DE ENVIO,2021-04-27T00:00:00.000Z,0,,,,,,
692729c85d3255967c0cb10c,Ingeniería,Chamonate SPA,96939290,Servicio y Asistencias CCIPTV,0,545000,2021-04-27T00:00:00.000Z,2021_18,2-ADJUDICADO,2021-04-27T00:00:00.000Z,0,,,,,,
692729c85d3255967c0cb10d,Ingeniería,SCI Ingenieria,76859068,MCU Complemento de Software para control de Trasvasije,0,5500000,2021-05-03T00:00:00.000Z,2021_19,2-ADJUDICADO,2021-05-03T00:00:00.000Z,0,,,,,,
692729c85d3255967c0cb10e,Ingeniería,Salas y Salas,89070300,Mcu Complemento De Software Para Control De Trasvasije,0,5500000,2021-05-10T00:00:00.000Z,2021_20,3-PERDIDO,2021-05-05T00:00:00.000Z,0,,,,,,
692729c85d3255967c0cb10f,Servicios,Talleres Lucas S.A.,83156400,PROYECCION DE DISPOSICION DE COMPONENTES Y ESTUDIO CENTRO DE CARGA.,0,1016730,2021-05-17T00:00:00.000Z,2021_21,3-PERDIDO,2021-05-12T00:00:00.000Z,0,,,,,,
692729c85d3255967c0cb110,Servicios,Talleres Lucas S.A.,83156400,Suministro Equipos,0,690611,2021-06-07T00:00:00.000Z,2021_22,2-ADJUDICADO,2021-06-04T00:00:00.000Z,0,,,,,,
692729c85d3255967c0cb111,Ingeniería,GCP Servicios Spa,76593182,Suministro Tablero Electrico,0,0,2021-06-07T00:00:00.000Z,2021_23,3-PERDIDO,2021-06-07T00:00:00.000Z,0,,,,,,
692729c85d3255967c0cb112,Ingeniería,Talleres Lucas S.A.,83156400,Suministro Calefactor Alimentacion 380,0,692239,2021-06-30T00:00:00.000Z,2021_24,2-ADJUDICADO,2021-06-23T00:00:00.000Z,0,,,,,,
692729c85d3255967c0cb113,Ingeniería,GCP Servicios Spa,76593182,Suministro Equipos MCU,0,122.72,2021-06-30T00:00:00.000Z,2021_25,3-PERDIDO,2021-06-30T00:00:00.000Z,0,,,,,,
692729c85d3255967c0cb114,Ingeniería,Talleres Lucas S.A.,83156400,Atril para Cabezal PV351 (EPIROC),0,1274019,2021-08-04T00:00:00.000Z,2021_26,2-ADJUDICADO,2021-08-02T00:00:00.000Z,0,,,,,,
692729c85d3255967c0cb115,Ingeniería,test,11111111,Campana para Horno de Humos (ROSSO),0,0,2021-08-02T00:00:00.000Z,2021_27,3-PERDIDO,2021-08-02T00:00:00.000Z,0,,,,,,
692729c85d3255967c0cb116,Ingeniería,test,11111111,Campana para Humos pesados (METRAIN SA),0,1006.6,2021-08-02T00:00:00.000Z,2021_28,3-PERDIDO,2021-08-02T00:00:00.000Z,0,,,,,,
692729c85d3255967c0cb117,Ingeniería,Bigniss,77853060,Planimetria Gabinetes TI,0,400000,2021-08-04T00:00:00.000Z,2021_29,2-ADJUDICADO,2021-08-04T00:00:00.000Z,0,,,,,,
692729c85d3255967c0cb118,Ingeniería,Chamonate SPA,96939290,Desarrollo e integración modulo Presupuestos,0,108,2021-08-23T00:00:00.000Z,2021_30,3-PERDIDO,2021-08-16T00:00:00.000Z,0,,,,,,
692729c85d3255967c0cb119,Ingeniería,Talleres Lucas S.A.,83156400,Bosquejo Propuesta HPU 3kW,0,90000,2021-08-19T00:00:00.000Z,2021_31,2-ADJUDICADO,2021-08-19T00:00:00.000Z,0,,,,,,
692729c85d3255967c0cb11a,Ingeniería,test,11111111,Cinta Transportadora de Bandejas,0,0,2021-08-29T00:00:00.000Z,2021_32,3-PERDIDO,2021-08-29T00:00:00.000Z,0,,,,,,
692729c85d3255967c0cb11b,Ingeniería,Punto Integra SPA,76764668,Aplicacion para Monitoreo y Alertas Temperatura.,0,0,,2021_33,0-PENDIENTE DE ENVIO,2021-09-02T00:00:00.000Z,0,,,,,,
692729c85d3255967c0cb11c,Ingeniería,Talleres Lucas S.A.,83156400,Memoria Calculo Rack,0,890000,2021-09-07T00:00:00.000Z,2021_34,2-ADJUDICADO,2021-09-03T00:00:00.000Z,0,,,,,,
692729c85d3255967c0cb11d,Ingeniería,Chamonate SPA,96939290,Aumento Capacidad Circuito CCIPTV,0,3374280,2021-09-09T00:00:00.000Z,2021_35,2-ADJUDICADO,2021-09-06T00:00:00.000Z,0,,,,,,
692729c85d3255967c0cb11e,Ingeniería,Bigniss,77853060,Actualización Planos Gabinete TI,0,15.2,2021-09-28T00:00:00.000Z,2021_36,2-ADJUDICADO,2021-09-09T00:00:00.000Z,0,,,,,,
692729c85d3255967c0cb11f,Ingeniería,SCI Ingenieria,76859068,Programación Segundo Equipo,0,20.3,2021-09-28T00:00:00.000Z,2021_37,2-ADJUDICADO,2021-09-11T00:00:00.000Z,0,,,,,,
692729c85d3255967c0cb120,Ingeniería,Talleres Lucas S.A.,83156400,Sistema CC IPTV Talleres Lucas Sucursal Santiago,0,101,2021-10-13T00:00:00.000Z,2021_38,3-PERDIDO,2021-09-14T00:00:00.000Z,0,,,,,,
692729c85d3255967c0cb121,Ingeniería,test,11111111,Servicio Ingenieria Regularización Planos y documentación,0,96,2021-09-20T00:00:00.000Z,2021_39,1-ESPERA RESPUESTA CLIENTE,2021-09-20T00:00:00.000Z,0,,,,,,
692729c85d3255967c0cb122,Ingeniería,GREENEX,76067861,Cableado estructurado,0,139.2,2021-09-24T00:00:00.000Z,2021_40,3-PERDIDO,2021-09-24T00:00:00.000Z,0,,,,,,
692729c85d3255967c0cb123,Ingeniería,SCI Ingenieria,76859068,Adicionales Complemento de Software MCU/RLU ORICA,0,36,2021-09-28T00:00:00.000Z,2021_41,2-ADJUDICADO,2021-09-28T00:00:00.000Z,0,,,,,,
692729c85d3255967c0cb124,Ingeniería,Chamonate SPA,96939290,TARJA RELOADED,0,110,2021-12-01T00:00:00.000Z,2021_42,2-ADJUDICADO,2021-10-14T00:00:00.000Z,0,,,,,,
692729c85d3255967c0cb125,Ingeniería,Bigniss,77853060,Plano Canalizaciones,0,7,2021-10-20T00:00:00.000Z,2021_43,2-ADJUDICADO,2021-10-19T00:00:00.000Z,0,,,,,,
692729c85d3255967c0cb126,Ingeniería,test,11111111,Tablero de Gestion y seguimiento a plataforma ODOO,0,0,2021-10-20T00:00:00.000Z,2021_44,3-PERDIDO,2021-10-20T00:00:00.000Z,0,,,,,,
692729c85d3255967c0cb127,Ingeniería,Chamonate SPA,96939290,Mantención Camaras,0,38,2022-03-21T00:00:00.000Z,2021_45,1-ESPERA RESPUESTA CLIENTE,2021-10-21T00:00:00.000Z,0,,,,,,
692729c85d3255967c0cb128,Ingeniería,Bigniss,77853060,Plano Tableros Aerogenerador,0,15.2,2021-11-03T00:00:00.000Z,2021_46,2-ADJUDICADO,2021-10-26T00:00:00.000Z,0,,,,,,
692729c85d3255967c0cb129,Ingeniería,Aire Control Chile SPA,77081467,Integración y Planimetria Tablero Perforadora,0,28,2021-11-03T00:00:00.000Z,2021_47,2-ADJUDICADO,2021-11-02T00:00:00.000Z,0,,,,,,
692729c85d3255967c0cb12a,Ingeniería,Bigniss,77853060,Integración Tablero Aerogenerador,0,10,2022-03-09T00:00:00.000Z,2021_48,3-PERDIDO,2021-11-03T00:00:00.000Z,0,,,,,,
692729c85d3255967c0cb12b,Ingeniería,Talleres Lucas S.A.,83156400,Adicional Bosquejo Propuesta Hpu 3Kw (RP,0,3,2021-11-11T00:00:00.000Z,2021_49,2-ADJUDICADO,2021-11-11T00:00:00.000Z,0,,,,,,
692729c85d3255967c0cb12c,Ingeniería,Talleres Lucas S.A.,83156400,Fabricación HPU 3kW,0,0,2021-11-11T00:00:00.000Z,2021_50,3-PERDIDO,2021-11-11T00:00:00.000Z,0,,,,,,
692729c85d3255967c0cb12d,Ingeniería,Talleres Lucas S.A.,83156400,Planimetria Unidad enfriamiento,0,34,2021-12-01T00:00:00.000Z,2021_51,2-ADJUDICADO,2021-11-22T00:00:00.000Z,0,,,,,,
692729c85d3255967c0cb12e,Ingeniería,Chamonate SPA,96939290,Suministro Equipos,0,40,2021-12-01T00:00:00.000Z,2021_52,2-ADJUDICADO,2021-11-30T00:00:00.000Z,0,,,,,,
692729c85d3255967c0cb12f,Ingeniería,Bigniss,77853060,Diseño Zocalo,0,3,2021-12-23T00:00:00.000Z,2021_53,3-PERDIDO,2021-12-03T00:00:00.000Z,0,,,,,,
692729c85d3255967c0cb130,Ingeniería,Talleres Lucas S.A.,83156400,UH Guillotina / Cilindro,0,0,2021-12-09T00:00:00.000Z,2021_54,3-PERDIDO,2021-12-09T00:00:00.000Z,0,,,,,,
692729c85d3255967c0cb131,Ingeniería,Talleres Lucas S.A.,83156400,UH Movimiento Cilindro,0,181,2021-12-24T00:00:00.000Z,2021_55,3-PERDIDO,2021-12-09T00:00:00.000Z,0,,,,,,
692729c85d3255967c0cb132,Ingeniería,RYR Equipos Ltda,76308092,RYR ANFO PLANT,0,0,2021-12-13T00:00:00.000Z,2021_56,3-PERDIDO,2021-12-13T00:00:00.000Z,0,,,,,,
692729c85d3255967c0cb133,Ingeniería,Bigniss,77853060,Fabricación Zocalo,0,0,2022-01-19T00:00:00.000Z,2021_57,3-PERDIDO,2021-12-23T00:00:00.000Z,0,,,,,,
692729c85d3255967c0cb134,Ingeniería,Aire Control Chile SPA,77081467,Suministro Equipos,0,500000,2021-12-29T00:00:00.000Z,2021_58,3-PERDIDO,2021-12-29T00:00:00.000Z,0,,,,,,
692729c85d3255967c0cb135,Ingeniería,S2S Chile S.A.,76150453,Servicio Documentacion Prevencion,0,380000,2022-01-10T00:00:00.000Z,2022_01,2-ADJUDICADO,2022-01-10T00:00:00.000Z,0,,,,,,
692729c85d3255967c0cb136,Servicios,Talleres Lucas S.A.,83156400,Modificacion Plano Komatsu,0,1.2,2022-01-17T00:00:00.000Z,2022_02,1-ESPERA RESPUESTA CLIENTE,2022-01-17T00:00:00.000Z,0,,,,,,
692729c85d3255967c0cb137,Ingeniería,Talleres Lucas S.A.,83156400,Fabricación Atril Cabezal,0,101,2022-01-19T00:00:00.000Z,2022_03,3-PERDIDO,2022-01-17T00:00:00.000Z,0,,,,,,
692729c85d3255967c0cb138,Ingeniería,Aire Control Chile SPA,77081467,Planimetria Carrusel,0,39,2022-01-19T00:00:00.000Z,2022_04,3-PERDIDO,2022-01-19T00:00:00.000Z,0,,,,,,
692729c85d3255967c0cb139,Ingeniería,Aire Control Chile SPA,77081467,Carro para Consola,0,33.3,2022-03-09T00:00:00.000Z,2022_05,2-ADJUDICADO,2022-01-25T00:00:00.000Z,0,,,,,,
692729c85d3255967c0cb13a,Ingeniería,Bigniss,77853060,Soporte RIel DIN,0,2.5,2022-03-07T00:00:00.000Z,2022_06,3-PERDIDO,2022-01-25T00:00:00.000Z,0,,,,,,
692729c85d3255967c0cb13b,Ingeniería,S2S Chile S.A.,76150453,Camaras Instalación,0,0,2022-01-25T00:00:00.000Z,2022_07,3-PERDIDO,2022-01-25T00:00:00.000Z,0,,,,,,
692729c85d3255967c0cb13c,Ingeniería,Montaje electrico Industrial,76406396,Actualizacion Documentacion y Charlas,0,345898,2022-03-07T00:00:00.000Z,2022_08,2-ADJUDICADO,2022-01-31T00:00:00.000Z,0,,,,,,
692729c85d3255967c0cb13d,Ingeniería,Bigniss,77853060,Instalacion Gabinetes Parque,0,0,2022-02-23T00:00:00.000Z,2022_09,3-PERDIDO,2022-02-23T00:00:00.000Z,0,,,,,,
692729c85d3255967c0cb13e,Ingeniería,Bigniss,77853060,Fabricación Zocalo Muestra,0,2.4,2022-03-02T00:00:00.000Z,2022_10,2-ADJUDICADO,2022-03-02T00:00:00.000Z,0,,,,,,
692729c85d3255967c0cb13f,Ingeniería,RYR Equipos Ltda,76308092,Cotizacion Asesoria Cables y canalización,0,11.5,2022-03-16T00:00:00.000Z,2022_11,2-ADJUDICADO,2022-03-16T00:00:00.000Z,0,,,,,,
692729c85d3255967c0cb140,Ingeniería,Aire Control Chile SPA,77081467,Planimetria de Detalle en planos de perforadora,0,15.5,2022-03-29T00:00:00.000Z,2022_12,2-ADJUDICADO,2022-03-29T00:00:00.000Z,0,,,,,,
692729c85d3255967c0cb141,Ingeniería,Talleres Lucas S.A.,83156400,HPU Apertura Válvulas,0,0,2022-04-04T00:00:00.000Z,2022_13,3-PERDIDO,2022-04-04T00:00:00.000Z,0,,,,,,
692729c85d3255967c0cb142,Ingeniería,Chamonate SPA,96939290,iControl,0,725,2022-04-08T00:00:00.000Z,2022_14,3-PERDIDO,2022-04-04T00:00:00.000Z,0,,,,,,
692729c85d3255967c0cb143,Ingeniería,Chamonate SPA,96939290,Integración Sistema Respaldo CCIPTV,0,127.07,2022-04-25T00:00:00.000Z,2022_15,3-PERDIDO,2022-04-08T00:00:00.000Z,0,,,,,,
692729c85d3255967c0cb144,Ingeniería,Talleres Lucas S.A.,83156400,Suministro Calefactor,0,36,2022-05-04T00:00:00.000Z,2022_16,3-PERDIDO,2022-04-11T00:00:00.000Z,0,,,,,,
692729c85d3255967c0cb145,Ingeniería,Aire Control Chile SPA,77081467,Asesoria Ingenieria Jumbo,0,86.88,2022-06-03T00:00:00.000Z,2022_17,3-PERDIDO,2022-04-27T00:00:00.000Z,0,,,,,,
692729c85d3255967c0cb146,Ingeniería,Talleres Lucas S.A.,83156400,Ingenieria Detalle y Fabricación,0,58,2022-06-03T00:00:00.000Z,2022_18,3-PERDIDO,2022-05-12T00:00:00.000Z,0,,,,,,
692729c85d3255967c0cb147,Servicios,RYR Equipos Ltda,76308092,Asesoria Técnica Planta ANFO,0,55,2022-05-20T00:00:00.000Z,2022_19,2-ADJUDICADO,2022-05-17T00:00:00.000Z,0,,,,,,
692729c85d3255967c0cb148,Ingeniería,AGROSPEC,79670620,Asesoría Técnica para levantamiento de procesos y generación de procedimientos,0,45.92,2022-06-03T00:00:00.000Z,2022_20,3-PERDIDO,2022-05-25T00:00:00.000Z,0,,,,,,
692729c85d3255967c0cb149,Ingeniería,Talleres Lucas S.A.,83156400,"Planimetria Hidraulica, procedimiento y Manual para HPU",0,8.5,2022-06-01T00:00:00.000Z,2022_21,1-ESPERA RESPUESTA CLIENTE,2022-06-01T00:00:00.000Z,0,,,,,,
692729c85d3255967c0cb14a,Ingeniería,FMA Industrial,87801300,Kit Bloqueo accionamiento,0,28.39,2022-06-23T00:00:00.000Z,2022_22,3-PERDIDO,2022-06-22T00:00:00.000Z,0,,,,,,
692729c85d3255967c0cb14b,Ingeniería,test,11111111,Camara Donde Rosita,0,0,2022-06-22T00:00:00.000Z,2022_23,3-PERDIDO,2022-06-22T00:00:00.000Z,0,,,,,,
692729c85d3255967c0cb14c,Ingeniería,FMA Industrial,87801300,Suministro Herramienta,0,3.18,2022-06-28T00:00:00.000Z,2022_24,3-PERDIDO,2022-06-23T00:00:00.000Z,0,,,,,,
692729c85d3255967c0cb14d,Ingeniería,Chamonate SPA,96939290,Mantención CCIPTV,0,10,2022-06-28T00:00:00.000Z,2022_25,3-PERDIDO,2022-06-27T00:00:00.000Z,0,,,,,,
692729c85d3255967c0cb14e,Ingeniería,AGROSPEC,79670620,CCIPTV,0,0,2022-06-28T00:00:00.000Z,2022_26,3-PERDIDO,2022-06-28T00:00:00.000Z,0,,,,,,
692729c85d3255967c0cb14f,Ingeniería,REPMIN SPA,76227763,Suministro de Marcas,0,3.8,2022-07-06T00:00:00.000Z,2022_27,2-ADJUDICADO,2022-07-04T00:00:00.000Z,0,,,,,,
692729c85d3255967c0cb150,Ingeniería,Talleres Lucas S.A.,83156400,Central Giro Lento,0,0,2022-07-07T00:00:00.000Z,2022_28,3-PERDIDO,2022-07-07T00:00:00.000Z,0,,,,,,
692729c85d3255967c0cb151,Ingeniería,Talleres Lucas S.A.,83156400,Prensa Filtros,0,618.27,2022-08-24T00:00:00.000Z,2022_29,1-ESPERA RESPUESTA CLIENTE,2022-07-11T00:00:00.000Z,0,,,,,,
692729c85d3255967c0cb152,Ingeniería,RYR Equipos Ltda,76308092,Partida Motor,0,14.98,2022-11-02T00:00:00.000Z,2022_30,3-PERDIDO,2022-07-29T00:00:00.000Z,0,,,,,,
692729c85d3255967c0cb153,Ingeniería,RYR Equipos Ltda,76308092,Servicio en Terreno,0,1.5,2022-09-09T00:00:00.000Z,2022_31,2-ADJUDICADO,2022-08-02T00:00:00.000Z,0,,,,,,
692729c85d3255967c0cb154,Ingeniería,Talleres Lucas S.A.,83156400,Fabricacion Central,0,0,2022-08-10T00:00:00.000Z,2022_32,3-PERDIDO,2022-08-10T00:00:00.000Z,0,,,,,,
692729c85d3255967c0cb155,Ingeniería,Talleres Lucas S.A.,83156400,Planimetria Unidad Enfriamiento,0,0,2022-08-11T00:00:00.000Z,2022_33,3-PERDIDO,2022-08-11T00:00:00.000Z,0,,,,,,
692729c85d3255967c0cb156,Ingeniería,RYR Equipos Ltda,76308092,Adicionales Asesoria Planta Anfo,0,131,2022-09-06T00:00:00.000Z,2022_34,1-ESPERA RESPUESTA CLIENTE,2022-08-12T00:00:00.000Z,0,,,,,,
692729c85d3255967c0cb157,Ingeniería,Talleres Lucas S.A.,83156400,Atril de trabajo PTO,0,137.86,2022-08-24T00:00:00.000Z,2022_35,2-ADJUDICADO,2022-08-17T00:00:00.000Z,0,,,,,,
692729c85d3255967c0cb158,Ingeniería,Talleres Lucas S.A.,83156400,Modificación Plano Enfriamiento,0,23,2022-08-24T00:00:00.000Z,2022_36,1-ESPERA RESPUESTA CLIENTE,2022-08-22T00:00:00.000Z,0,,,,,,
692729c85d3255967c0cb159,Ingeniería,Innovacion y soluciones Industriales SPA,77146365,Suministro de Componentes Hidraulicos,0,61.47,2022-08-25T00:00:00.000Z,2022_37,3-PERDIDO,2022-08-24T00:00:00.000Z,0,,,,,,
692729c85d3255967c0cb15a,Ingeniería,Innovacion y soluciones Industriales SPA,77146365,Asesoria Componentes hidraulicos,0,18,2022-08-25T00:00:00.000Z,2022_38,3-PERDIDO,2022-08-24T00:00:00.000Z,0,,,,,,
692729c85d3255967c0cb15b,Ingeniería,Innovacion y soluciones Industriales SPA,77146365,Overhaul Comando PVG,0,49.21,2022-08-29T00:00:00.000Z,2022_39,3-PERDIDO,2022-08-26T00:00:00.000Z,0,,,,,,
692729c85d3255967c0cb15c,Ingeniería,Talleres Lucas S.A.,83156400,Modificacion Plano Goodyear,0,10,2022-08-31T00:00:00.000Z,2022_40,2-ADJUDICADO,2022-08-31T00:00:00.000Z,0,,,,,,
692729c85d3255967c0cb15d,Ingeniería,Montaje electrico Industrial,76406396,Induccion ODI,0,14,2022-09-08T00:00:00.000Z,2022_41,2-ADJUDICADO,2022-09-06T00:00:00.000Z,0,,,,,,
692729c85d3255967c0cb15e,Ingeniería,test,11111111,Servicio Impresion etiquetas,0,0,2022-09-09T00:00:00.000Z,2022_42,3-PERDIDO,2022-09-09T00:00:00.000Z,0,,,,,,
692729c85d3255967c0cb15f,Ingeniería,Innovacion y soluciones Industriales SPA,77146365,Desarrollo Control Plus+1,0,0,2022-09-20T00:00:00.000Z,2022_43,3-PERDIDO,2022-09-20T00:00:00.000Z,0,,,,,,
692729c85d3255967c0cb160,Ingeniería,Talleres Lucas S.A.,83156400,Bosquejo Central y Encapsulado,0,6,2022-09-29T00:00:00.000Z,2022_44,2-ADJUDICADO,2022-09-29T00:00:00.000Z,0,,,,,,
692729c85d3255967c0cb161,Ingeniería,Montaje electrico Industrial,76406396,Induccion ODI,0,10.2,2022-10-05T00:00:00.000Z,2022_45,2-ADJUDICADO,2022-10-05T00:00:00.000Z,0,,,,,,
692729c85d3255967c0cb162,Ingeniería,RYR Equipos Ltda,76308092,Gestion y Control Linea Automatizado,0,160,2022-10-13T00:00:00.000Z,2022_46,3-PERDIDO,2022-10-13T00:00:00.000Z,0,,,,,,
692729c85d3255967c0cb163,Ingeniería,REPMIN SPA,76227763,Suministro Etiquetas Consola,0,26.97,2022-10-26T00:00:00.000Z,2022_47,1-ESPERA RESPUESTA CLIENTE,2022-10-14T00:00:00.000Z,0,,,,,,
692729c85d3255967c0cb164,Ingeniería,RYR Equipos Ltda,76308092,Suministro T-slot,0,86.5,2022-10-17T00:00:00.000Z,2022_48,3-PERDIDO,2022-10-17T00:00:00.000Z,0,,,,,,
692729c85d3255967c0cb165,Ingeniería,BSM Procesos Industriales SPA,77003406,Suministro Equipo VPN,0,16.32,2022-10-26T00:00:00.000Z,2022_49,3-PERDIDO,2022-10-18T00:00:00.000Z,0,,,,,,
692729c85d3255967c0cb166,Ingeniería,Talleres Lucas S.A.,83156400,Servicio Ingenieria Cargador de Barras Codelco,0,234.78,2022-10-26T00:00:00.000Z,2022_50,1-ESPERA RESPUESTA CLIENTE,2022-10-18T00:00:00.000Z,0,,,,,,
692729c85d3255967c0cb167,Ingeniería,Infraplast,96822950,Servicio Terreno,0,14.5,2022-10-19T00:00:00.000Z,2022_51,2-ADJUDICADO,2022-10-19T00:00:00.000Z,0,,,,,,
692729c85d3255967c0cb168,Ingeniería,REPMIN SPA,76227763,Suministro Marcado Cables.,0,5.41,2022-10-26T00:00:00.000Z,2022_52,2-ADJUDICADO,2022-10-24T00:00:00.000Z,0,,,,,,
692729c85d3255967c0cb169,Ingeniería,Talleres Lucas S.A.,83156400,Planimetria Completa HPU + Display,0,55,2022-10-26T00:00:00.000Z,2022_53,2-ADJUDICADO,2022-10-24T00:00:00.000Z,0,,,,,,
692729c85d3255967c0cb16a,Ingeniería,Chamonate SPA,96939290,Actualizacion Hardware Platoforma de Gestion,0,76.04,2022-10-26T00:00:00.000Z,2022_54,3-PERDIDO,2022-10-24T00:00:00.000Z,0,,,,,,
692729c85d3255967c0cb16b,Ingeniería,RYR Equipos Ltda,76308092,Monitoreo Remoto,0,175.73,2022-10-26T00:00:00.000Z,2022_55,3-PERDIDO,2022-10-26T00:00:00.000Z,0,,,,,,
692729c85d3255967c0cb16c,Ingeniería,Talleres Lucas S.A.,83156400,APU TL Copiapo,0,143,2022-12-18T00:00:00.000Z,2022_56,2-ADJUDICADO,2022-11-11T00:00:00.000Z,0,,,,,,
692729c85d3255967c0cb16d,Ingeniería,test,11111111,CERRADO,0,0,2022-11-16T00:00:00.000Z,2022_57,3-PERDIDO,2022-11-16T00:00:00.000Z,0,,,,,,
692729c85d3255967c0cb16e,Ingeniería,Talleres Lucas S.A.,83156400,Bosquejo Unidad de enfriamiento,0,4,2022-12-18T00:00:00.000Z,2022_58,1-ESPERA RESPUESTA CLIENTE,2022-12-18T00:00:00.000Z,0,,,,,,
692729c85d3255967c0cb16f,Ingeniería,Talleres Lucas S.A.,83156400,Planimetria Central móvil,0,0,2023-01-13T00:00:00.000Z,2022_59,3-PERDIDO,2022-12-30T00:00:00.000Z,0,,,,,,
692729c85d3255967c0cb170,Ingeniería,test,11111111,Ingenieria Detalle sistema hidroneumatico para lavado de valvulas dardo,0,0,2022-12-30T00:00:00.000Z,2022_60,3-PERDIDO,2022-12-30T00:00:00.000Z,0,,,,,,
692729c85d3255967c0cb171,Ingeniería,test,11111111,CERRADO,0,0,2023-01-04T00:00:00.000Z,2023_01,3-PERDIDO,2023-01-04T00:00:00.000Z,0,,,,,,
692729c85d3255967c0cb172,Ingeniería,Talleres Lucas S.A.,83156400,ITO Unidad Giro Lento,0,138,2023-01-13T00:00:00.000Z,2023_02,2-ADJUDICADO,2023-01-10T00:00:00.000Z,0,,,,,,
692729c85d3255967c0cb173,Ingeniería,Chamonate SPA,96939290,Automatización sincronizacion y distribucion.,0,0,2023-01-25T00:00:00.000Z,2023_03,3-PERDIDO,2023-01-25T00:00:00.000Z,0,,,,,,
692729c85d3255967c0cb174,Ingeniería,FUNDO SAN ALBERTO,78972100,Suministro Equipo Acceso Remoto,0,33,2023-01-30T00:00:00.000Z,2023_04,3-PERDIDO,2023-01-27T00:00:00.000Z,0,,,,,,
692729c85d3255967c0cb175,Ingeniería,Innovacion y soluciones Industriales SPA,77146365,Suminstro Equipo,0,0,2023-02-21T00:00:00.000Z,2023_05,3-PERDIDO,2023-02-21T00:00:00.000Z,0,,,,,,
692729c85d3255967c0cb176,Ingeniería,test,11111111,INGENIERIA Y PROGRAMACION GOLPE ARIETE,0,0,2023-03-07T00:00:00.000Z,2023_06,3-PERDIDO,2023-02-28T00:00:00.000Z,0,,,,,,
692729c85d3255967c0cb177,Ingeniería,REPMIN SPA,76227763,Suministro Marcas,0,4.9,2023-03-07T00:00:00.000Z,2023_07,2-ADJUDICADO,2023-03-06T00:00:00.000Z,0,,,,,,
692729c85d3255967c0cb178,Ingeniería,Talleres Lucas S.A.,83156400,Suministro Proteccion Filtros,0,285000,2023-03-07T00:00:00.000Z,2023_08,2-ADJUDICADO,2023-03-07T00:00:00.000Z,0,,,,,,
692729c85d3255967c0cb179,Ingeniería,Punto Integra SPA,76764668,Sistema Lora,0,0,2023-03-13T00:00:00.000Z,2023_09,3-PERDIDO,2023-03-13T00:00:00.000Z,0,,,,,,
692729c85d3255967c0cb17a,Ingeniería,Talleres Lucas S.A.,83156400,Planos HPU encapsulada,0,55,2023-03-22T00:00:00.000Z,2023_10,2-ADJUDICADO,2023-03-15T00:00:00.000Z,0,,,,,,
692729c85d3255967c0cb17b,Ingeniería,Talleres Lucas S.A.,83156400,Suministro Acrilicos,0,5.93,2023-03-22T00:00:00.000Z,2023_11,2-ADJUDICADO,2023-03-15T00:00:00.000Z,0,,,,,,
692729c85d3255967c0cb17c,Ingeniería,Chamonate SPA,96939290,Plataforma Control Riego,0,0,2023-03-22T00:00:00.000Z,2023_12,3-PERDIDO,2023-03-17T00:00:00.000Z,0,,,,,,
692729c85d3255967c0cb17d,Ingeniería,REPMIN SPA,76227763,Suministro Marcas Cables y Bornes,0,5.6,2023-03-22T00:00:00.000Z,2023_13,1-ESPERA RESPUESTA CLIENTE,2023-03-22T00:00:00.000Z,0,,,,,,
692729c85d3255967c0cb17e,Ingeniería,REPMIN SPA,76227763,Suministro Marcas Boomer 281,0,4.6,2023-03-23T00:00:00.000Z,2023_14,2-ADJUDICADO,2023-03-23T00:00:00.000Z,0,,,,,,
692729c85d3255967c0cb17f,Ingeniería,Innovacion y soluciones Industriales SPA,77146365,Suministro componente,0,0,,2023_15,0-PENDIENTE DE ENVIO,2023-03-23T00:00:00.000Z,0,,,,,,
692729c85d3255967c0cb180,Ingeniería,Innovacion y soluciones Industriales SPA,77146365,Servicio Asesoria,0,0,2023-03-23T00:00:00.000Z,2023_16,1-ESPERA RESPUESTA CLIENTE,2023-03-23T00:00:00.000Z,0,,,,,,
692729c85d3255967c0cb181,Ingeniería,Talleres Lucas S.A.,83156400,Suministro Carros de Taller,0,7.17,2023-04-08T00:00:00.000Z,2023_17,3-PERDIDO,2023-04-04T00:00:00.000Z,0,,,,,,
692729c85d3255967c0cb182,Ingeniería,test,11111111,Ingenieria Baika,0,20000000,2023-04-14T00:00:00.000Z,2023_18,1-ESPERA RESPUESTA CLIENTE,2023-04-04T00:00:00.000Z,0,,,,,,
692729c85d3255967c0cb183,Ingeniería,test,11111111,Suministro Bornes,0,0.5,2023-04-08T00:00:00.000Z,2023_19,3-PERDIDO,2023-04-08T00:00:00.000Z,0,,,,,,
692729c85d3255967c0cb184,Ingeniería,Repuestos para la minería Parts LTDA,76929550,Suministro Componentes electricos,0,2.8,2023-04-20T00:00:00.000Z,2023_20,2-ADJUDICADO,2023-04-20T00:00:00.000Z,0,,,,,,
692729c85d3255967c0cb185,Ingeniería,Talleres Lucas S.A.,83156400,Dossier HPU,0,9,2023-05-11T00:00:00.000Z,2023_21,1-ESPERA RESPUESTA CLIENTE,2023-04-25T00:00:00.000Z,0,,,,,,
692729c85d3255967c0cb186,Ingeniería,test,11111111,Fluitek Control y Gabinete,0,0,2023-04-25T00:00:00.000Z,2023_22,3-PERDIDO,2023-04-25T00:00:00.000Z,0,,,,,,
692729c85d3255967c0cb187,Ingeniería,Talleres Lucas S.A.,83156400,Planos Manilla PVG,0,0,,2023_23,0-PENDIENTE DE ENVIO,2023-04-25T00:00:00.000Z,0,,,,,,
692729c85d3255967c0cb188,Ingeniería,Talleres Lucas S.A.,83156400,Informe y analisis soporte Torquimetro,0,0,,2023_24,0-PENDIENTE DE ENVIO,2023-04-25T00:00:00.000Z,0,,,,,,
692729c85d3255967c0cb189,Ingeniería,test,11111111,Suministro Gabinete y UPS,0,0,,2023_25,0-PENDIENTE DE ENVIO,2023-04-26T00:00:00.000Z,0,,,,,,
692729c85d3255967c0cb18a,Ingeniería,test,11111111,ALBEMARLE,0,0,2023-05-10T00:00:00.000Z,2023_26,3-PERDIDO,2023-05-10T00:00:00.000Z,0,,,,,,
692729c85d3255967c0cb18b,Ingeniería,Talleres Lucas S.A.,83156400,Dossier APU,0,16,2023-05-11T00:00:00.000Z,2023_27,1-ESPERA RESPUESTA CLIENTE,2023-05-11T00:00:00.000Z,0,,,,,,
692729c85d3255967c0cb18c,Ingeniería,Talleres Lucas S.A.,83156400,Suministro APU Completa,0,0,,2023_28,0-PENDIENTE DE ENVIO,2023-05-11T00:00:00.000Z,0,,,,,,
692729c85d3255967c0cb18d,Ingeniería,REPMIN SPA,76227763,Suministro Marcas de Cables,0,0,,2023_29,0-PENDIENTE DE ENVIO,2023-05-25T00:00:00.000Z,0,,,,,,
692729c85d3255967c0cb18e,Ingeniería,MI ROBOTICS SOLUTIONS SA,76869100,Montaje INDUSTRIAL EMMR COLLAHUASI,0,0,2024-05-24T00:00:00.000Z,2023_30,2-ADJUDICADO,2023-06-01T00:00:00.000Z,0,,,,,,
692729c85d3255967c0cb18f,Ingeniería,Talleres Lucas S.A.,83156400,Dossier HPU BSA,0,0,2023-06-15T00:00:00.000Z,2023_31,2-ADJUDICADO,2023-06-06T00:00:00.000Z,0,,,,,,
692729c85d3255967c0cb190,Ingeniería,Talleres Lucas S.A.,83156400,HPU Central Hidroelectrica,0,0,2023-06-09T00:00:00.000Z,2023_32,3-PERDIDO,2023-06-09T00:00:00.000Z,0,,,,,,
692729c85d3255967c0cb191,Ingeniería,Talleres Lucas S.A.,83156400,Suministro Componentes llave torquimetro,0,0,2023-06-09T00:00:00.000Z,2023_33,3-PERDIDO,2023-06-09T00:00:00.000Z,0,,,,,,
692729c85d3255967c0cb192,Ingeniería,Talleres Lucas S.A.,83156400,HPU PELAMBRES,0,0,2023-08-02T00:00:00.000Z,2023_34,2-ADJUDICADO,2023-06-15T00:00:00.000Z,0,,,,,,
692729c85d3255967c0cb193,Ingeniería,Talleres Lucas S.A.,83156400,Adicionales 2023_0002,0,0,,2023_35,0-PENDIENTE DE ENVIO,2023-06-27T00:00:00.000Z,0,,,,,,
692729c85d3255967c0cb194,Ingeniería,Talleres Lucas S.A.,83156400,Fabricacion Estanque,0,0,,2023_36,0-PENDIENTE DE ENVIO,2023-07-28T00:00:00.000Z,0,,,,,,
692729c85d3255967c0cb195,Ingeniería,Punto Integra SPA,76764668,Tarja: Mejoras,0,0,2023-08-11T00:00:00.000Z,2023_37,3-PERDIDO,2023-08-11T00:00:00.000Z,0,,,,,,
692729c85d3255967c0cb196,Ingeniería,Talleres Lucas S.A.,83156400,Suminstro Materiales,0,83.14,2023-08-23T00:00:00.000Z,2023_38,2-ADJUDICADO,2023-08-11T00:00:00.000Z,0,,,,,,
692729c85d3255967c0cb197,Ingeniería,Talleres Lucas S.A.,83156400,suministro materiales,0,83.14,2023-08-23T00:00:00.000Z,2023_39,2-ADJUDICADO,2023-08-21T00:00:00.000Z,0,,,,,,
692729c85d3255967c0cb198,Ingeniería,Talleres Lucas S.A.,83156400,Ingenieria Chute,0,0,,2023_40,0-PENDIENTE DE ENVIO,2023-08-21T00:00:00.000Z,0,,,,,,
692729c85d3255967c0cb199,Ingeniería,Talleres Lucas S.A.,83156400,Modifciacion unidades Komatsu,0,12,2023-10-18T00:00:00.000Z,2023_41,1-ESPERA RESPUESTA CLIENTE,2023-08-23T00:00:00.000Z,0,,,,,,
692729c85d3255967c0cb19a,Ingeniería,Talleres Lucas S.A.,83156400,Soporte Manometros,0,1.2,2023-08-28T00:00:00.000Z,2023_42,2-ADJUDICADO,2023-08-28T00:00:00.000Z,0,,,,,,
692729c85d3255967c0cb19b,Ingeniería,Talleres Lucas S.A.,83156400,soporte Manometros,0,1.2,2023-08-28T00:00:00.000Z,2023_43,2-ADJUDICADO,2023-08-28T00:00:00.000Z,0,,,,,,
692729c85d3255967c0cb19c,Ingeniería,Talleres Lucas S.A.,83156400,Suministro Placa Izaje,0,1.5,2023-09-05T00:00:00.000Z,2023_44,2-ADJUDICADO,2023-09-04T00:00:00.000Z,0,,,,,,
692729c85d3255967c0cb19d,Ingeniería,Talleres Lucas S.A.,83156400,Suministro Placa izaje,0,1.5,2023-09-05T00:00:00.000Z,2023_45,2-ADJUDICADO,2023-09-04T00:00:00.000Z,0,,,,,,
692729c85d3255967c0cb19e,Ingeniería,BSM Procesos Industriales SPA,77003406,Integración Tablero electrico Apilador,0,0,2023-09-04T00:00:00.000Z,2023_46,3-PERDIDO,2023-09-04T00:00:00.000Z,0,,,,,,
692729c85d3255967c0cb19f,Ingeniería,FMA Industrial,87801300,Suministro Microcontrolador y programa Control Grua,0,0,,2023_47,0-PENDIENTE DE ENVIO,2023-09-05T00:00:00.000Z,0,,,,,,
692729c85d3255967c0cb1a0,Ingeniería,BSM Procesos Industriales SPA,77003406,Montaje Terreno,0,0,,2023_48,0-PENDIENTE DE ENVIO,2023-09-08T00:00:00.000Z,0,,,,,,
692729c85d3255967c0cb1a1,Ingeniería,MAQUINPRO SPA,77729745,TABLERO ELECTRICO,0,0,2023-09-14T00:00:00.000Z,2023_49,3-PERDIDO,2023-09-14T00:00:00.000Z,0,,,,,,
692729c85d3255967c0cb1a2,Ingeniería,Emglomin SPA,76889783,HPU Compuerta,0,0,2024-01-25T00:00:00.000Z,2023_50,2-ADJUDICADO,2023-10-16T00:00:00.000Z,0,,,,,,
692729c85d3255967c0cb1a3,Ingeniería,Talleres Lucas S.A.,83156400,Plano Hidraulico,0,3,2024-01-25T00:00:00.000Z,2023_51,2-ADJUDICADO,2023-10-17T00:00:00.000Z,0,,,,,,
692729c85d3255967c0cb1a4,Ingeniería,REPMIN SPA,76227763,Suministro de Marcas Tablero Simba,0,6.1,2023-10-20T00:00:00.000Z,2023_52,1-ESPERA RESPUESTA CLIENTE,2023-10-20T00:00:00.000Z,0,,,,,,
692729c85d3255967c0cb1a5,Ingeniería,Zamorano Ingenieria ltda,76907395,Tablero control Lijadora,0,0,,2023_53,0-PENDIENTE DE ENVIO,2023-10-20T00:00:00.000Z,0,,,,,,
692729c85d3255967c0cb1a6,Ingeniería,Zamorano Ingenieria ltda,76907395,Tablero Ventilador,0,350000,2023-10-31T00:00:00.000Z,2023_54,2-ADJUDICADO,2023-10-25T00:00:00.000Z,0,,,,,,
692729c85d3255967c0cb1a7,Ingeniería,Talleres Lucas S.A.,83156400,Suministro Soporte Enfriador,0,0,2023-11-06T00:00:00.000Z,2023_55,3-PERDIDO,2023-11-06T00:00:00.000Z,0,,,,,,
692729c85d3255967c0cb1a8,Ingeniería,AC DC Maquinaria y Servicios SPA,77690072,Suministro Conector AMP,0,0,,2023_56,0-PENDIENTE DE ENVIO,2023-11-21T00:00:00.000Z,0,,,,,,
692729c85d3255967c0cb1a9,Ingeniería,MI ROBOTICS SOLUTIONS SA,76869100,Montaje Industrial,0,0,,2023_57,0-PENDIENTE DE ENVIO,2023-12-01T00:00:00.000Z,0,,,,,,
692729c85d3255967c0cb1aa,Ingeniería,Talleres Lucas S.A.,83156400,Levantamiento Terreno Michilla,0,0,,2023_58,0-PENDIENTE DE ENVIO,2023-12-07T00:00:00.000Z,0,,,,,,
692729c85d3255967c0cb1ab,Ingeniería,test,11111111,Sistema Deteccion Imagen,0,0,2023-12-18T00:00:00.000Z,2023_59,3-PERDIDO,2023-12-18T00:00:00.000Z,0,,,,,,
692729c85d3255967c0cb1ac,Ingeniería,Repuestos para la minería Parts LTDA,76929550,Suministro Marcas Bornes,0,9,2023-12-18T00:00:00.000Z,2023_60,3-PERDIDO,2023-12-18T00:00:00.000Z,0,,,,,,
692729c85d3255967c0cb1ad,Ingeniería,MI ROBOTICS SOLUTIONS SA,76869100,Montaje Industrial iNDONESIA,0,0,,2023_61,0-PENDIENTE DE ENVIO,2023-12-18T00:00:00.000Z,0,,,,,,
692729c85d3255967c0cb1ae,Ingeniería,MAQUINPRO SPA,77729745,Montaje Industrial Packing,0,0,2023-12-20T00:00:00.000Z,2023_62,3-PERDIDO,2023-12-20T00:00:00.000Z,0,,,,,,
692729c85d3255967c0cb1af,Ingeniería,Hochschild Ingeniería y Servicios SPA,96885630,Montaje Industrial Hoschild,0,0,2024-01-19T00:00:00.000Z,2023_63,1-ESPERA RESPUESTA CLIENTE,2023-12-27T00:00:00.000Z,0,,,,,,
692729c85d3255967c0cb1b0,Ingeniería,test,11111111,Montaje Industrial Prodinsa,0,0,2023-12-28T00:00:00.000Z,2023_64,2-ADJUDICADO,2023-12-28T00:00:00.000Z,0,,,,,,
692729c85d3255967c0cb1b1,Ingeniería,FMA Industrial,87801300,HPU,0,0,,2024_01,0-PENDIENTE DE ENVIO,2024-01-03T00:00:00.000Z,0,,,,,,
692729c85d3255967c0cb1b2,Ingeniería,FMA Industrial,87801300,Control Tornameza,0,0,,2024_02,0-PENDIENTE DE ENVIO,2024-01-09T00:00:00.000Z,0,,,,,,
692729c85d3255967c0cb1b3,Ingeniería,FMA Industrial,87801300,Control Estandar (pluma y otros),0,0,,2024_03,0-PENDIENTE DE ENVIO,2024-01-09T00:00:00.000Z,0,,,,,,
692729c85d3255967c0cb1b4,Ingeniería,FMA Industrial,87801300,Monitoreo Equipos,0,0,,2024_04,0-PENDIENTE DE ENVIO,2024-01-09T00:00:00.000Z,0,,,,,,
692729c85d3255967c0cb1b5,Ingeniería,MI ROBOTICS SOLUTIONS SA,76869100,PLANOS CAD,0,0,2024-01-09T00:00:00.000Z,2024_05,3-PERDIDO,2024-01-09T00:00:00.000Z,0,,,,,,
692729c85d3255967c0cb1b6,Ingeniería,Talleres Lucas S.A.,83156400,APU Perforacion,0,0,,2024_06,0-PENDIENTE DE ENVIO,2024-01-17T00:00:00.000Z,0,,,,,,
692729c85d3255967c0cb1b7,Ingeniería,Talleres Lucas S.A.,83156400,Planimetria Bloque SUN,0,0,2024-01-17T00:00:00.000Z,2024_07,3-PERDIDO,2024-01-17T00:00:00.000Z,0,,,,,,
692729c85d3255967c0cb1b8,Ingeniería,MI ROBOTICS SOLUTIONS SA,76869100,Integracion Tableros,0,0,2024-11-30T00:00:00.000Z,2024_08,2-ADJUDICADO,2024-01-28T00:00:00.000Z,0,,,,,,
692729c85d3255967c0cb1b9,Ingeniería,MI ROBOTICS SOLUTIONS SA,76869100,MONTAJE INDUSTRIAL ROBOTS EMMR,0,0,,2024_09,0-PENDIENTE DE ENVIO,2024-02-06T00:00:00.000Z,0,,,,,,
692729c85d3255967c0cb1ba,Ingeniería,Talleres Lucas S.A.,83156400,Cerro Negro,0,0,,2024_10,0-PENDIENTE DE ENVIO,2024-02-07T00:00:00.000Z,0,,,,,,
692729c85d3255967c0cb1bb,Ingeniería,Hochschild Ingeniería y Servicios SPA,96885630,Montaje Industrial Canalizacion Control,0,0,2024-03-04T00:00:00.000Z,2024_11,3-PERDIDO,2024-03-04T00:00:00.000Z,0,,,,,,
692729c85d3255967c0cb1bc,Ingeniería,Talleres Lucas S.A.,83156400,HPU Symond,0,0,2024-03-04T00:00:00.000Z,2024_12,3-PERDIDO,2024-03-04T00:00:00.000Z,0,,,,,,
692729c85d3255967c0cb1bd,Ingeniería,MAQUINPRO SPA,77729745,Control Cinta Elevadora,0,0,2024-03-14T00:00:00.000Z,2024_13,3-PERDIDO,2024-03-14T00:00:00.000Z,0,,,,,,
692729c85d3255967c0cb1be,Ingeniería,Talleres Lucas S.A.,83156400,Planimetria Electrica,0,4,2024-05-09T00:00:00.000Z,2024_14,2-ADJUDICADO,2024-03-27T00:00:00.000Z,0,,,,,,
692729c85d3255967c0cb1bf,Ingeniería,MI ROBOTICS SOLUTIONS SA,76869100,ELIMINADO,0,0,2024-04-02T00:00:00.000Z,2024_15,3-PERDIDO,2024-04-02T00:00:00.000Z,0,,,,,,
692729c85d3255967c0cb1c0,Ingeniería,MI ROBOTICS SOLUTIONS SA,76869100,Integracion Tablero Muestreo,0,2,2024-04-19T00:00:00.000Z,2024_16,2-ADJUDICADO,2024-04-11T00:00:00.000Z,0,,,,,,
692729c85d3255967c0cb1c1,Ingeniería,MI ROBOTICS SOLUTIONS SA,76869100,Adicionales Tableros Copec,0,1,2024-04-19T00:00:00.000Z,2024_17,2-ADJUDICADO,2024-04-15T00:00:00.000Z,0,,,,,,
692729c85d3255967c0cb1c2,Ingeniería,MI ROBOTICS SOLUTIONS SA,76869100,Eliminado,0,0,2024-04-17T00:00:00.000Z,2024_18,3-PERDIDO,2024-04-17T00:00:00.000Z,0,,,,,,
692729c85d3255967c0cb1c3,Ingeniería,Talleres Lucas S.A.,83156400,Suinistro Placa Acrilico,0,5,2024-04-19T00:00:00.000Z,2024_19,2-ADJUDICADO,2024-04-19T00:00:00.000Z,0,,,,,,
692729c85d3255967c0cb1c4,Ingeniería,MI ROBOTICS SOLUTIONS SA,76869100,Adicionales EMMR,0,0,2024-04-22T00:00:00.000Z,2024_20,2-ADJUDICADO,2024-04-22T00:00:00.000Z,0,,,,,,
692729c85d3255967c0cb1c5,Ingeniería,MI ROBOTICS SOLUTIONS SA,76869100,Adicionales Montaje Copec,0,1,2024-04-24T00:00:00.000Z,2024_21,2-ADJUDICADO,2024-04-22T00:00:00.000Z,0,,,,,,
692729c85d3255967c0cb1c6,Ingeniería,MI ROBOTICS SOLUTIONS SA,76869100,Montaje Industrial EMMR MEL,0,0,2024-05-24T00:00:00.000Z,2024_22,1-ESPERA RESPUESTA CLIENTE,2024-05-16T00:00:00.000Z,0,,,,,,
692729c85d3255967c0cb1c7,Ingeniería,MI ROBOTICS SOLUTIONS SA,76869100,Montaje Industrial MECANICO,0,0,2024-05-16T00:00:00.000Z,2024_23,3-PERDIDO,2024-05-16T00:00:00.000Z,0,,,,,,
692729c85d3255967c0cb1c8,Ingeniería,MI ROBOTICS SOLUTIONS SA,76869100,Montaje COPEC Adicionales,0,0,2024-05-24T00:00:00.000Z,2024_24,2-ADJUDICADO,2024-05-17T00:00:00.000Z,0,,,,,,
692729c85d3255967c0cb1c9,Ingeniería,MI ROBOTICS SOLUTIONS SA,76869100,Suministro Marcas Indonesia,0,0,,2024_25,0-PENDIENTE DE ENVIO,2024-05-23T00:00:00.000Z,0,,,,,,
692729c85d3255967c0cb1ca,Ingeniería,MI ROBOTICS SOLUTIONS SA,76869100,Suministro MAT servicio terreno,0,0,2024-06-10T00:00:00.000Z,2024_26,2-ADJUDICADO,2024-06-10T00:00:00.000Z,0,,,,,,
692729c85d3255967c0cb1cb,Ingeniería,Talleres Lucas S.A.,83156400,Bosquejo HPU,0,0,2024-06-21T00:00:00.000Z,2024_27,2-ADJUDICADO,2024-06-21T00:00:00.000Z,0,,,,,,
692729c85d3255967c0cb1cc,Ingeniería,Talleres Lucas S.A.,83156400,Dossier y Planimetria,0,0,,2024_28,0-PENDIENTE DE ENVIO,2024-06-25T00:00:00.000Z,0,,,,,,
692729c85d3255967c0cb1cd,Ingeniería,MI ROBOTICS SOLUTIONS SA,76869100,SUMINISTROS INDONESIA,0,0,2024-07-04T00:00:00.000Z,2024_29,2-ADJUDICADO,2024-06-26T00:00:00.000Z,0,,,,,,
692729c85d3255967c0cb1ce,Ingeniería,MI ROBOTICS SOLUTIONS SA,76869100,SUMINISTROS COPEC,0,0,2024-07-01T00:00:00.000Z,2024_30,2-ADJUDICADO,2024-06-26T00:00:00.000Z,0,,,,,,
692729c85d3255967c0cb1cf,Ingeniería,MI ROBOTICS SOLUTIONS SA,76869100,SUMINISTROS EMMR MLP,0,0,2024-07-04T00:00:00.000Z,2024_31,2-ADJUDICADO,2024-06-26T00:00:00.000Z,0,,,,,,
692729c85d3255967c0cb1d0,Ingeniería,MI ROBOTICS SOLUTIONS SA,76869100,SUMINISTROS EMMR LAS VEGAS,0,0,2024-07-09T00:00:00.000Z,2024_32,2-ADJUDICADO,2024-06-26T00:00:00.000Z,0,,,,,,
692729c85d3255967c0cb1d1,Ingeniería,MI ROBOTICS SOLUTIONS SA,76869100,Suministros EMMR MEL,0,0,2024-07-01T00:00:00.000Z,2024_33,2-ADJUDICADO,2024-06-26T00:00:00.000Z,0,,,,,,
692729c85d3255967c0cb1d2,Ingeniería,MI ROBOTICS SOLUTIONS SA,76869100,SUMINISTRO CAJAS LOGISTICA,0,0,2024-07-25T00:00:00.000Z,2024_34,1-ESPERA RESPUESTA CLIENTE,2024-06-26T00:00:00.000Z,0,,,,,,
692729c85d3255967c0cb1d3,Ingeniería,MI ROBOTICS SOLUTIONS SA,76869100,MONTAJE MEL semana 4/5,0,0,2024-07-09T00:00:00.000Z,2024_35,2-ADJUDICADO,2024-07-09T00:00:00.000Z,0,,,,,,
692729c85d3255967c0cb1d4,Ingeniería,Talleres Lucas S.A.,83156400,Dossier y manual de operacion,0,0,,2024_36,0-PENDIENTE DE ENVIO,2024-07-18T00:00:00.000Z,0,,,,,,
692729c85d3255967c0cb1d5,Ingeniería,MI ROBOTICS SOLUTIONS SA,76869100,HPU ESTANDAR,0,0,,2024_37,0-PENDIENTE DE ENVIO,2024-07-18T00:00:00.000Z,0,,,,,,
692729c85d3255967c0cb1d6,Ingeniería,Punto Integra SPA,76764668,Carro Filtracion,0,0,,2024_38,0-PENDIENTE DE ENVIO,2024-07-18T00:00:00.000Z,0,,,,,,
692729c85d3255967c0cb1d7,Ingeniería,Talleres Lucas S.A.,83156400,Planimetria MARTILLO PICA ROCA,0,0,2024-08-14T00:00:00.000Z,2024_39,2-ADJUDICADO,2024-07-18T00:00:00.000Z,0,,,,,,
692729c85d3255967c0cb1d8,Ingeniería,MI ROBOTICS SOLUTIONS SA,76869100,Montaje mel semana 6/7,0,0,2024-07-25T00:00:00.000Z,2024_40,2-ADJUDICADO,2024-07-18T00:00:00.000Z,0,,,,,,
692729c85d3255967c0cb1d9,Ingeniería,MI ROBOTICS SOLUTIONS SA,76869100,SUMINISTROS MEL FABRICACION,0,0,2024-07-25T00:00:00.000Z,2024_41,2-ADJUDICADO,2024-07-18T00:00:00.000Z,0,,,,,,
692729c85d3255967c0cb1da,Ingeniería,Talleres Lucas S.A.,83156400,FABRICACION HPU PICA ROCA,0,0,,2024_42,0-PENDIENTE DE ENVIO,2024-07-22T00:00:00.000Z,0,,,,,,
692729c85d3255967c0cb1db,Ingeniería,Talleres Lucas S.A.,83156400,HPU Carguio trenes,0,0,,2024_43,0-PENDIENTE DE ENVIO,2024-07-22T00:00:00.000Z,0,,,,,,
692729c85d3255967c0cb1dc,Ingeniería,Talleres Lucas S.A.,83156400,SUMINISTRO MATERIALES,0,0,,2024_44,0-PENDIENTE DE ENVIO,2024-07-30T00:00:00.000Z,0,,,,,,
692729c85d3255967c0cb1dd,Ingeniería,MI ROBOTICS SOLUTIONS SA,76869100,MONTAJE EMMR SEMANA 8/9,0,0,2024-09-23T00:00:00.000Z,2024_45,2-ADJUDICADO,2024-07-31T00:00:00.000Z,0,,,,,,
692729c85d3255967c0cb1de,Ingeniería,Talleres Lucas S.A.,83156400,APU ICV,0,0,,2024_46,0-PENDIENTE DE ENVIO,2024-07-31T00:00:00.000Z,0,,,,,,
692729c85d3255967c0cb1df,Ingeniería,Talleres Lucas S.A.,83156400,Cerro Negro,0,0,,2024_47,0-PENDIENTE DE ENVIO,2024-08-01T00:00:00.000Z,0,,,,,,
692729c85d3255967c0cb1e0,Ingeniería,Talleres Lucas S.A.,83156400,Plano Cañerias,0,0,2024-08-06T00:00:00.000Z,2024_48,3-PERDIDO,2024-08-06T00:00:00.000Z,0,,,,,,
692729c85d3255967c0cb1e1,Ingeniería,MI ROBOTICS SOLUTIONS SA,76869100,ARMADO ROBOT BOMBERO,0,0,,2024_49,0-PENDIENTE DE ENVIO,2024-08-12T00:00:00.000Z,0,,,,,,
692729c85d3255967c0cb1e2,Ingeniería,Talleres Lucas S.A.,83156400,LAVADO COMPONENTES,0,0,,2024_50,0-PENDIENTE DE ENVIO,2024-08-20T00:00:00.000Z,0,,,,,,
692729c85d3255967c0cb1e3,Ingeniería,Talleres Lucas S.A.,83156400,APU 75HP,0,0,,2024_51,0-PENDIENTE DE ENVIO,2024-08-20T00:00:00.000Z,0,,,,,,
692729c85d3255967c0cb1e4,Ingeniería,MI ROBOTICS SOLUTIONS SA,76869100,ITO CONTROL PLATAFORMA SECUNDARIA,0,0,2024-08-27T00:00:00.000Z,2024_52,2-ADJUDICADO,2024-08-27T00:00:00.000Z,0,,,,,,
692729c85d3255967c0cb1e5,Ingeniería,Talleres Lucas S.A.,83156400,HPU CHUTE,0,0,,2024_53,0-PENDIENTE DE ENVIO,2024-09-02T00:00:00.000Z,0,,,,,,
692729c85d3255967c0cb1e6,Ingeniería,Talleres Lucas S.A.,83156400,HPU LAINERA,0,0,2024-09-04T00:00:00.000Z,2024_54,3-PERDIDO,2024-09-04T00:00:00.000Z,0,,,,,,
692729c85d3255967c0cb1e7,Ingeniería,TECPOL,76016703,SUMINISTRO CONECTOR EPIC,0,0,2024-09-22T00:00:00.000Z,2024_55,2-ADJUDICADO,2024-09-10T00:00:00.000Z,0,,,,,,
692729c85d3255967c0cb1e8,Ingeniería,test,11111111,PLANTA ACEITUNAS,0,0,2024-09-10T00:00:00.000Z,2024_56,3-PERDIDO,2024-09-10T00:00:00.000Z,0,,,,,,
692729c85d3255967c0cb1e9,Ingeniería,MI ROBOTICS SOLUTIONS SA,76869100,SUMINISTRO MARCAS,0,0,,2024_57,0-PENDIENTE DE ENVIO,2024-09-10T00:00:00.000Z,0,,,,,,
692729c85d3255967c0cb1ea,Ingeniería,MI ROBOTICS SOLUTIONS SA,76869100,Montaje Emmr Semana 10/11,0,0,2024-09-23T00:00:00.000Z,2024_58,2-ADJUDICADO,2024-09-23T00:00:00.000Z,0,,,,,,
692729c85d3255967c0cb1eb,Ingeniería,MI ROBOTICS SOLUTIONS SA,76869100,SEMANA 12/ 13,0,0,,2024_59,0-PENDIENTE DE ENVIO,2024-09-23T00:00:00.000Z,0,,,,,,
692729c85d3255967c0cb1ec,Ingeniería,MI ROBOTICS SOLUTIONS SA,76869100,SEMANA 14/15,0,0,,2024_60,0-PENDIENTE DE ENVIO,2024-09-23T00:00:00.000Z,0,,,,,,
692729c85d3255967c0cb1ed,Ingeniería,MI ROBOTICS SOLUTIONS SA,76869100,ITO PLATAFORMA SECUNDARIA,0,0,2024-09-25T00:00:00.000Z,2024_61,2-ADJUDICADO,2024-09-25T00:00:00.000Z,0,,,,,,
692729c85d3255967c0cb1ee,Ingeniería,Talleres Lucas S.A.,83156400,ESTANQUE BANCO,0,0,2024-10-29T00:00:00.000Z,2024_62,1-ESPERA RESPUESTA CLIENTE,2024-09-26T00:00:00.000Z,0,,,,,,
692729c85d3255967c0cb1ef,Ingeniería,MI ROBOTICS SOLUTIONS SA,76869100,ITO PLATAFORMA SECUNDARIA MEL 5,0,0,2024-10-09T00:00:00.000Z,2024_63,2-ADJUDICADO,2024-10-09T00:00:00.000Z,0,,,,,,
692729c85d3255967c0cb1f0,Ingeniería,test,11111111,plano codelco,0,0,,2024_64,0-PENDIENTE DE ENVIO,2024-10-25T00:00:00.000Z,0,,,,,,
692729c85d3255967c0cb1f1,Ingeniería,Talleres Lucas S.A.,83156400,"HPU 7,5KW",0,0,2024-11-07T00:00:00.000Z,2024_65,1-ESPERA RESPUESTA CLIENTE,2024-10-29T00:00:00.000Z,0,,,,,,
692729c85d3255967c0cb1f2,Ingeniería,Talleres Lucas S.A.,83156400,MLP HPU,0,0,,2024_66,0-PENDIENTE DE ENVIO,2024-10-30T00:00:00.000Z,0,,,,,,
692729c85d3255967c0cb1f3,Ingeniería,Talleres Lucas S.A.,83156400,HPU /TL/INFRAPLAST,0,0,2024-11-07T00:00:00.000Z,2024_67,1-ESPERA RESPUESTA CLIENTE,2024-11-05T00:00:00.000Z,0,,,,,,
692729c85d3255967c0cb1f4,Ingeniería,MI ROBOTICS SOLUTIONS SA,76869100,Sistema entrada vehiculos,0,0,2024-11-08T00:00:00.000Z,2024_68,3-PERDIDO,2024-11-06T00:00:00.000Z,0,,,,,,
692729c85d3255967c0cb1f5,Ingeniería,Talleres Lucas S.A.,83156400,POWER PACK ANDINOR,0,0,2024-11-12T00:00:00.000Z,2024_69,1-ESPERA RESPUESTA CLIENTE,2024-11-07T00:00:00.000Z,0,,,,,,
692729c85d3255967c0cb1f6,Ingeniería,test,11111111,SERVICIO ILUMINACION,0,0,2024-11-12T00:00:00.000Z,2024_70,3-PERDIDO,2024-11-11T00:00:00.000Z,0,,,,,,
692729c85d3255967c0cb1f7,Ingeniería,MI ROBOTICS SOLUTIONS SA,76869100,Ito Plataforma Secundaria Mel 6,0,0,2024-11-19T00:00:00.000Z,2024_71,2-ADJUDICADO,2024-11-19T00:00:00.000Z,0,,,,,,
692729c85d3255967c0cb1f8,Ingeniería,MI ROBOTICS SOLUTIONS SA,76869100,Montaje EMMR EXTENDIDA,0,0,2025-01-30T00:00:00.000Z,2024_72,2-ADJUDICADO,2024-11-21T00:00:00.000Z,0,,,,,,
692729c85d3255967c0cb1f9,Ingeniería,Talleres Lucas S.A.,83156400,UPH ANTOFAGASTA,0,0,,2024_73,0-PENDIENTE DE ENVIO,2024-11-26T00:00:00.000Z,0,,,,,,
692729c85d3255967c0cb1fa,Ingeniería,MI ROBOTICS SOLUTIONS SA,76869100,MONTAJE EMMR LITE,0,0,2025-01-30T00:00:00.000Z,2024_74,2-ADJUDICADO,2024-11-29T00:00:00.000Z,0,,,,,,
692729c85d3255967c0cb1fb,Ingeniería,MASTERCORT SPA,77561017,SERVICIO INFORMATICO,0,0,,2024_75,0-PENDIENTE DE ENVIO,2024-11-29T00:00:00.000Z,0,,,,,,
692729c85d3255967c0cb1fc,Ingeniería,MI ROBOTICS SOLUTIONS SA,76869100,SUMINISTROS MEL,0,0,,2024_76,0-PENDIENTE DE ENVIO,2024-12-10T00:00:00.000Z,0,,,,,,
692729c85d3255967c0cb1fd,Ingeniería,MI ROBOTICS SOLUTIONS SA,76869100,SUMINISTRO TARJETA CONTROL,0,0,2024-12-10T00:00:00.000Z,2024_77,2-ADJUDICADO,2024-12-10T00:00:00.000Z,0,,,,,,
692729c85d3255967c0cb1fe,Ingeniería,Talleres Lucas S.A.,83156400,CAJA TRANSPORTE COMANDO,0,0,2024-12-17T00:00:00.000Z,2024_78,1-ESPERA RESPUESTA CLIENTE,2024-12-16T00:00:00.000Z,0,,,,,,
692729c85d3255967c0cb1ff,Ingeniería,MI ROBOTICS SOLUTIONS SA,76869100,TABLERO COPEC,0,5200029112,2025-01-22T00:00:00.000Z,2025_01,2-ADJUDICADO,2025-01-03T00:00:00.000Z,0,,,,,,
692729c85d3255967c0cb200,Ingeniería,MI ROBOTICS SOLUTIONS SA,76869100,CONTROL ACCESO,0,0,,2025_02,0-PENDIENTE DE ENVIO,2025-01-15T00:00:00.000Z,0,,,,,,
692729c85d3255967c0cb201,Ingeniería,MI ROBOTICS SOLUTIONS SA,76869100,EMMR 1 MLP FASE2,0,0,2025-01-22T00:00:00.000Z,2025_03,2-ADJUDICADO,2025-01-21T00:00:00.000Z,0,,,,,,
692729c85d3255967c0cb202,Ingeniería,MI ROBOTICS SOLUTIONS SA,76869100,Ito Plataforma Secundaria EMMR1 MLP F2,0,1,2025-01-21T00:00:00.000Z,2025_04,2-ADJUDICADO,2025-01-21T00:00:00.000Z,0,,,,,,
692729c85d3255967c0cb203,Ingeniería,MI ROBOTICS SOLUTIONS SA,76869100,PRUEBAS HIDRAULICAS CENTRALES,0,0,2025-01-22T00:00:00.000Z,2025_05,2-ADJUDICADO,2025-01-22T00:00:00.000Z,0,,,,,,
692729c85d3255967c0cb204,Ingeniería,MI ROBOTICS SOLUTIONS SA,76869100,Suministros MEL VARIOS,0,0,2025-02-04T00:00:00.000Z,2025_06,2-ADJUDICADO,2025-01-30T00:00:00.000Z,0,,,,,,
692729c85d3255967c0cb205,Ingeniería,MI ROBOTICS SOLUTIONS SA,76869100,Suministro Lamicoides,0,0,2025-02-04T00:00:00.000Z,2025_07,2-ADJUDICADO,2025-02-04T00:00:00.000Z,0,,,,,,
692729c85d3255967c0cb206,Ingeniería,test,11111111,Planos  programacion suministros y bd,0,0,,2025_08,0-PENDIENTE DE ENVIO,2025-02-04T00:00:00.000Z,0,,,,,,
692729c85d3255967c0cb207,Ingeniería,MI ROBOTICS SOLUTIONS SA,76869100,SUMINISTRO MEL REDUCCION,0,0,2025-02-05T00:00:00.000Z,2025_09,2-ADJUDICADO,2025-02-05T00:00:00.000Z,0,,,,,,
692729c85d3255967c0cb208,Ingeniería,Talleres Lucas S.A.,83156400,PLANO CAÑERIAS SISTEMA LUBRICACION,0,0,2025-02-05T00:00:00.000Z,2025_10,3-PERDIDO,2025-02-05T00:00:00.000Z,0,,,,,,
692729c85d3255967c0cb209,Ingeniería,MI ROBOTICS SOLUTIONS SA,76869100,SUMINISTRO ADHESIVOS,0,0,2025-02-06T00:00:00.000Z,2025_11,3-PERDIDO,2025-02-05T00:00:00.000Z,0,,,,,,
692729c85d3255967c0cb20a,Ingeniería,test,11111111,abastible,0,0,,2025_12,0-PENDIENTE DE ENVIO,2025-02-05T00:00:00.000Z,0,,,,,,
692729c85d3255967c0cb20b,Ingeniería,MI ROBOTICS SOLUTIONS SA,76869100,INTEGRACION TABLERO LAVADO,0,0,2025-02-07T00:00:00.000Z,2025_13,3-PERDIDO,2025-02-07T00:00:00.000Z,0,,,,,,
692729c85d3255967c0cb20c,Ingeniería,test,11111111,HPU MOTOR DIESEL,0,0,,2025_14,0-PENDIENTE DE ENVIO,2025-02-12T00:00:00.000Z,0,,,,,,
692729c85d3255967c0cb20d,Ingeniería,Talleres Lucas S.A.,83156400,PLANO PLACA,0,0,,2025_15,0-PENDIENTE DE ENVIO,2025-02-14T00:00:00.000Z,0,,,,,,
692729c85d3255967c0cb20e,Ingeniería,MI ROBOTICS SOLUTIONS SA,76869100,SUMINISTRO ETIQUETAS,0,0,2025-03-06T00:00:00.000Z,2025_16,2-ADJUDICADO,2025-02-17T00:00:00.000Z,0,,,,,,
692729c85d3255967c0cb20f,Ingeniería,MI ROBOTICS SOLUTIONS SA,76869100,EMMR COLLAHUASI F2,0,0,2025-07-15T00:00:00.000Z,2025_17,1-ESPERA RESPUESTA CLIENTE,2025-02-20T00:00:00.000Z,0,,,,,,
692729c85d3255967c0cb210,Ingeniería,MI ROBOTICS SOLUTIONS SA,76869100,TABLEROS BHP,0,0,,2025_18,0-PENDIENTE DE ENVIO,2025-02-28T00:00:00.000Z,0,,,,,,
692729c85d3255967c0cb211,Ingeniería,Talleres Lucas S.A.,83156400,FABRICACION CAÑERIAS,0,0,,2025_19,0-PENDIENTE DE ENVIO,2025-03-05T00:00:00.000Z,0,,,,,,
692729c85d3255967c0cb212,Ingeniería,SMC Chile,89906900,SMC,0,0,,2025_20,0-PENDIENTE DE ENVIO,2025-03-05T00:00:00.000Z,0,,,,,,
692729c85d3255967c0cb213,Ingeniería,test,11111111,Integracion Tableros TSE,0,0,2025-03-12T00:00:00.000Z,2025_21,3-PERDIDO,2025-03-12T00:00:00.000Z,0,,,,,,
692729c85d3255967c0cb214,Ingeniería,FMA Industrial,87801300,TABLERO FILTRADO,0,0,,2025_22,0-PENDIENTE DE ENVIO,2025-03-14T00:00:00.000Z,0,,,,,,
692729c85d3255967c0cb215,Ingeniería,Talleres Lucas S.A.,83156400,INGENIERIA FRANKE,0,0,,2025_23,0-PENDIENTE DE ENVIO,2025-03-18T00:00:00.000Z,0,,,,,,
692729c85d3255967c0cb216,Ingeniería,Talleres Lucas S.A.,83156400,INGENIERIA STACKER,0,0,,2025_24,0-PENDIENTE DE ENVIO,2025-03-18T00:00:00.000Z,0,,,,,,
692729c85d3255967c0cb217,Ingeniería,Talleres Lucas S.A.,83156400,INGENIERIA PUERTO MEJILLONES,0,0,2025-03-19T00:00:00.000Z,2025_25,3-PERDIDO,2025-03-19T00:00:00.000Z,0,,,,,,
692729c85d3255967c0cb218,Ingeniería,Talleres Lucas S.A.,83156400,SERVICIO MOLYCOP,0,0,,2025_26,0-PENDIENTE DE ENVIO,2025-03-19T00:00:00.000Z,0,,,,,,
692729c85d3255967c0cb219,Ingeniería,MI ROBOTICS SOLUTIONS SA,76869100,MEJORAS COPEC,0,0,2025-04-03T00:00:00.000Z,2025_27,2-ADJUDICADO,2025-03-25T00:00:00.000Z,0,,,,,,
692729c85d3255967c0cb21a,Ingeniería,Talleres Lucas S.A.,83156400,MOLYB,0,0,2025-04-02T00:00:00.000Z,2025_28,1-ESPERA RESPUESTA CLIENTE,2025-03-28T00:00:00.000Z,0,,,,,,
692729c85d3255967c0cb21b,Ingeniería,Talleres Lucas S.A.,83156400,Carro Lavado,0,0,,2025_29,0-PENDIENTE DE ENVIO,2025-04-03T00:00:00.000Z,0,,,,,,
692729c85d3255967c0cb21c,Ingeniería,Innovacion y soluciones Industriales SPA,77146365,MICRO ARDUINO,0,0,,2025_30,0-PENDIENTE DE ENVIO,2025-04-07T00:00:00.000Z,0,,,,,,
692729c85d3255967c0cb21d,Ingeniería,Innovacion y soluciones Industriales SPA,77146365,REPARACION MAQUETA,0,0,2025-04-08T00:00:00.000Z,2025_31,3-PERDIDO,2025-04-08T00:00:00.000Z,0,,,,,,
692729c85d3255967c0cb21e,Ingeniería,MI ROBOTICS SOLUTIONS SA,76869100,integracion tablero reemplazo 2025_0027,0,0,,2025_32,0-PENDIENTE DE ENVIO,2025-04-14T00:00:00.000Z,0,,,,,,
692729c85d3255967c0cb21f,Ingeniería,MI ROBOTICS SOLUTIONS SA,76869100,INTEGRACION TABLEROS CODELCO,0,0,2025-04-29T00:00:00.000Z,2025_33,2-ADJUDICADO,2025-04-15T00:00:00.000Z,0,,,,,,
692729c85d3255967c0cb220,Ingeniería,MI ROBOTICS SOLUTIONS SA,76869100,Servicio Microfiltrado,0,0,2025-04-17T00:00:00.000Z,2025_34,3-PERDIDO,2025-04-17T00:00:00.000Z,0,,,,,,
692729c85d3255967c0cb221,Ingeniería,MI ROBOTICS SOLUTIONS SA,76869100,Suministro Logotipos,0,0,2025-05-20T00:00:00.000Z,2025_35,2-ADJUDICADO,2025-05-20T00:00:00.000Z,0,,,,,,
692729c85d3255967c0cb222,Ingeniería,REPMIN SPA,76227763,Levantamiento Banco Pruebas,0,0,2025-05-28T00:00:00.000Z,2025_36,2-ADJUDICADO,2025-05-28T00:00:00.000Z,0,,,,,,
692729c85d3255967c0cb223,Ingeniería,MAQUINPRO SPA,77729745,TABLERO,0,0,2025-05-29T00:00:00.000Z,2025_37,3-PERDIDO,2025-05-29T00:00:00.000Z,0,,,,,,
692729c85d3255967c0cb224,Ingeniería,MI ROBOTICS SOLUTIONS SA,76869100,TABLERO CMP,0,0,2025-06-03T00:00:00.000Z,2025_38,3-PERDIDO,2025-06-03T00:00:00.000Z,0,,,,,,
692729c85d3255967c0cb225,Ingeniería,REPMIN SPA,76227763,MANTENCION BANCO DE PRUEBAS,0,0,2025-06-06T00:00:00.000Z,2025_39,3-PERDIDO,2025-06-06T00:00:00.000Z,0,,,,,,
692729c85d3255967c0cb226,Ingeniería,RESPA,77552582,BANCO PRUEBA CILINDROS,0,0,,2025_40,0-PENDIENTE DE ENVIO,2025-06-09T00:00:00.000Z,0,,,,,,
692729c85d3255967c0cb227,Ingeniería,Talleres Lucas S.A.,83156400,Suministro PE,0,0,,2025_41,0-PENDIENTE DE ENVIO,2025-06-09T00:00:00.000Z,0,,,,,,
692729c85d3255967c0cb228,Ingeniería,test,11111111,HPU Vignola,0,0,2025-06-10T00:00:00.000Z,2025_42,3-PERDIDO,2025-06-10T00:00:00.000Z,0,,,,,,
692729c85d3255967c0cb229,Ingeniería,Talleres Lucas S.A.,83156400,HPU CHUTE Anglo,0,0,2025-11-12T00:00:00.000Z,2025_43,2-ADJUDICADO,2025-06-11T00:00:00.000Z,0,,,,,,
692729c85d3255967c0cb22a,Ingeniería,test,11111111,HPU dos Etapas,0,0,,2025_44,0-PENDIENTE DE ENVIO,2025-06-12T00:00:00.000Z,0,,,,,,
692729c85d3255967c0cb22b,Ingeniería,test,11111111,Consola perforadora,0,0,,2025_45,0-PENDIENTE DE ENVIO,2025-06-19T00:00:00.000Z,0,,,,,,
692729c85d3255967c0cb22c,Ingeniería,BSM Procesos Industriales SPA,77003406,MONTAJE ELECTRICO,0,0,2025-06-26T00:00:00.000Z,2025_46,3-PERDIDO,2025-06-26T00:00:00.000Z,0,,,,,,
692729c85d3255967c0cb22d,Ingeniería,Ahs eirl,76889388,Ingenieria Chiller,0,0,2025-07-01T00:00:00.000Z,2025_47,2-ADJUDICADO,2025-07-01T00:00:00.000Z,0,,,,,,
692729c85d3255967c0cb22e,Ingeniería,MI ROBOTICS SOLUTIONS SA,76869100,EMMR Varios HH,0,0,2025-07-02T00:00:00.000Z,2025_48,1-ESPERA RESPUESTA CLIENTE,2025-07-02T00:00:00.000Z,0,,,,,,
692729c85d3255967c0cb22f,Ingeniería,MI ROBOTICS SOLUTIONS SA,76869100,SUMINISTRO TRICEPTOR,0,0,2025-07-02T00:00:00.000Z,2025_49,2-ADJUDICADO,2025-07-02T00:00:00.000Z,0,,,,,,
692729c85d3255967c0cb230,Ingeniería,test,11111111,MP Mantencion tijera elevadora,0,0,,2025_50,0-PENDIENTE DE ENVIO,2025-07-08T00:00:00.000Z,0,,,,,,
692729c85d3255967c0cb231,Ingeniería,test,11111111,MP izaje,0,0,,2025_51,0-PENDIENTE DE ENVIO,2025-07-08T00:00:00.000Z,0,,,,,,
692729c85d3255967c0cb232,Ingeniería,test,11111111,COLEGIO MEMBRILLAR,0,0,,2025_52,0-PENDIENTE DE ENVIO,2025-07-15T00:00:00.000Z,0,,,,,,
692729c85d3255967c0cb233,Ingeniería,MI ROBOTICS SOLUTIONS SA,76869100,INTEGRACION TABLEROS INCHANCABLES ADICIONAL,0,0,2025-07-15T00:00:00.000Z,2025_53,2-ADJUDICADO,2025-07-15T00:00:00.000Z,0,,,,,,
692729c85d3255967c0cb234,Ingeniería,SK Godelius. S.A.,76167834,Planos,0,0,2025-08-06T00:00:00.000Z,2025_54,2-ADJUDICADO,2025-08-06T00:00:00.000Z,0,,,,,,
692729c85d3255967c0cb235,Ingeniería,SK Godelius. S.A.,76167834,Montaje Paranal,0,0,2025-08-26T00:00:00.000Z,2025_55,1-ESPERA RESPUESTA CLIENTE,2025-08-13T00:00:00.000Z,0,,,,,,
692729c85d3255967c0cb236,Ingeniería,MI ROBOTICS SOLUTIONS SA,76869100,TABLEROS CMP,0,0,2025-08-26T00:00:00.000Z,2025_56,1-ESPERA RESPUESTA CLIENTE,2025-08-20T00:00:00.000Z,0,,,,,,
692729c85d3255967c0cb237,Ingeniería,Talleres Lucas S.A.,83156400,APU CARRO ARRASTRE,0,0,2025-08-21T00:00:00.000Z,2025_57,1-ESPERA RESPUESTA CLIENTE,2025-08-21T00:00:00.000Z,0,,,,,,
692729c85d3255967c0cb238,Ingeniería,MAQUINPRO SPA,77729745,Tablero y Otros,0,0,2025-08-21T00:00:00.000Z,2025_58,1-ESPERA RESPUESTA CLIENTE,2025-08-21T00:00:00.000Z,0,,,,,,
692729c85d3255967c0cb239,Ingeniería,test,11111111,CESFAM,0,0,,2025_59,0-PENDIENTE DE ENVIO,2025-08-26T00:00:00.000Z,0,,,,,,
692729c85d3255967c0cb23a,Ingeniería,Talleres Lucas S.A.,83156400,CARRO CARGA BOLAS SALVADOR,0,0,,2025_60,0-PENDIENTE DE ENVIO,2025-08-28T00:00:00.000Z,0,,,,,,
692729c85d3255967c0cb23b,Ingeniería,MI ROBOTICS SOLUTIONS SA,76869100,TABLEROS AUXILIARES CMP,0,0,,2025_61,0-PENDIENTE DE ENVIO,2025-08-29T00:00:00.000Z,0,,,,,,
692729c85d3255967c0cb23c,Ingeniería,MI ROBOTICS SOLUTIONS SA,76869100,ENVOLVENTES KRC Y PANEL DE OP,0,0,,2025_62,0-PENDIENTE DE ENVIO,2025-08-29T00:00:00.000Z,0,,,,,,
692729c85d3255967c0cb23d,Ingeniería,Ahs eirl,76889388,MANTENCION,0,0,,2025_63,3-PERDIDO,2025-09-01T00:00:00.000Z,0,,,,,,
692729c85d3255967c0cb23e,Ingeniería,PROVAGRO,77857788,SUMINISTRO HPU,0,0,,2025_64,0-PENDIENTE DE ENVIO,2025-09-01T00:00:00.000Z,0,,,,,,
692729c85d3255967c0cb23f,Ingeniería,SK Godelius. S.A.,76167834,INTEGRACION TABLEROS,0,0,2025-09-04T00:00:00.000Z,2025_65,3-PERDIDO,2025-09-04T00:00:00.000Z,0,,,,,,
692729c85d3255967c0cb240,Ingeniería,MI ROBOTICS SOLUTIONS SA,76869100,PANEL CMP,0,0,2025-09-08T00:00:00.000Z,2025_66,3-PERDIDO,2025-09-08T00:00:00.000Z,0,,,,,,
692729c85d3255967c0cb241,Ingeniería,test,11111111,SISTEMA REFRIGERACION,0,0,2025-12-05T02:06:04.069Z,2025_67,1-ESPERA RESPUESTA CLIENTE,2025-09-24T00:00:00.000Z,0,,,,,,
692729c85d3255967c0cb242,Ingeniería,TECNIFLEX,77129320,Cambio sistema enfriamiento,0,0,2025-09-25T00:00:00.000Z,2025_68,3-PERDIDO,2025-09-25T00:00:00.000Z,0,,,,,,
692729c85d3255967c0cb243,Ingeniería,SK Godelius. S.A.,76167834,Robot Nomad,0,0,2025-10-20T00:00:00.000Z,2025_69,3-PERDIDO,2025-10-20T00:00:00.000Z,0,,,,,,
692729c85d3255967c0cb244,Ingeniería,SK Godelius. S.A.,76167834,Integracion Tableros,0,0,2025-12-05T02:09:59.563Z,2025_70,1-ESPERA RESPUESTA CLIENTE,2025-10-21T00:00:00.000Z,0,,,,,,
692729c85d3255967c0cb245,Ingeniería,SK Godelius. S.A.,76167834,Asesoria Tecnica,0,0,2025-11-10T00:00:00.000Z,2025_71,0-PENDIENTE DE ENVIO,2025-11-10T00:00:00.000Z,0,,,,,,
692729c85d3255967c0cb246,Ingeniería,Talleres Lucas S.A.,83156400,MECANIZADO CONJUNTO MOTOR BOMBA,0,0,2025-11-12T00:00:00.000Z,2025_72,2-ADJUDICADO,2025-11-12T00:00:00.000Z,1,100,0,,,PENDIENTE,6927436a2f6d903b70dea84a
